"County Code","County","CO 2nd Max 1-hr","CO 2nd Max 8-hr","NO2 98th Percentile 1-hr","NO2 Mean 1-hr","Ozone 2nd Max 1-hr","Ozone 4th Max 8-hr","SO2 99th Percentile 1-hr","SO2 2nd Max 24-hr","SO2 Mean 1-hr","PM2.5 98th Percentile 24-hr","PM2.5 Weighted Mean 24-hr","PM10 2nd Max 24-hr","PM10 Mean 24-hr","Lead Max 3-Mo Avg"
"01003","Baldwin County, AL",".",".",".",".","0.07","0.063",".",".",".","15","7.3",".",".","."
"01027","Clay County, AL",".",".",".",".",".",".",".",".",".","15","6.9",".",".","."
"01049","DeKalb County, AL",".",".",".",".","0.07","0.061",".",".",".","14","6.9",".",".","."
"01051","Elmore County, AL",".",".",".",".","0.07","0.058",".",".",".",".",".",".",".","."
"01055","Etowah County, AL",".",".",".",".","0.07","0.062",".",".",".","18","8.2",".",".","."
"01073","Jefferson County, AL","2.6","1","40","9","0.08","0.066","10","2","0","21","9","79","23","."
"01089","Madison County, AL",".",".",".",".","0.07","0.065",".",".",".","14","6.8","47","16","."
"01097","Mobile County, AL",".",".",".",".","0.07","0.061","11","3","1",".",".",".",".","."
"01101","Montgomery County, AL",".",".",".",".","0.07","0.06",".",".",".","18","7.8","24","11","."
"01103","Morgan County, AL",".",".",".",".","0.07","0.065",".",".",".","19","9",".",".","."
"01109","Pike County, AL",".",".",".",".",".",".",".",".",".",".",".",".",".","0.22"
"01113","Russell County, AL",".",".",".",".","0.07","0.061",".",".",".","24","9.1",".",".","."
"01117","Shelby County, AL",".",".",".",".","0.07","0.064","50","11","1",".",".",".",".","."
"01119","Sumter County, AL",".",".",".",".","0.06","0.055","3","1","0","15","6.8",".",".","."
"01125","Tuscaloosa County, AL",".",".",".",".","0.08","0.06",".",".",".","17","7.6",".",".","."
"02020","Anchorage Borough, AK","3.3","2.4",".",".",".",".",".",".",".","25","4.9","101","17","."
"02068","Denali Borough, AK",".",".",".",".","0.06","0.055",".",".",".",".",".",".",".","."
"02090","Fairbanks North Star Borough, AK","3.5","2.5",".",".","0.07","0.055","33","21","4","84","15.6","171","18","."
"02110","Juneau Borough, AK",".",".",".",".",".",".",".",".",".","23","5.3","38","8","."
"04001","Apache County, AZ",".",".",".",".",".",".",".",".",".","9","2.8","58","15","."
"04003","Cochise County, AZ",".",".",".",".","0.07","0.065",".",".",".",".",".","124","26","."
"04005","Coconino County, AZ",".",".",".",".","0.07","0.066",".",".",".",".",".",".",".","."
"04007","Gila County, AZ",".",".",".",".","0.09","0.074","60","20","2",".",".","277","23","0.03"
"04012","La Paz County, AZ",".",".",".",".","0.07","0.066",".",".",".","12","4","104","15","."
"04013","Maricopa County, AZ","2.8","2.1","61","26","0.1","0.081","5","1","0","67","11.1","223","62","."
"04015","Mohave County, AZ",".",".",".",".",".",".",".",".",".",".",".","111","21","."
"04017","Navajo County, AZ",".",".",".",".","0.07","0.065",".",".",".",".",".",".",".","."
"04019","Pima County, AZ","1.4","0.7","37","7","0.08","0.071","2","0","0","13","6.3","198","45","."
"04021","Pinal County, AZ",".",".",".",".","0.09","0.077",".",".",".","25","10.1","431","66","."
"04023","Santa Cruz County, AZ",".",".",".",".",".",".",".",".",".","28","9.6","104","35","."
"04025","Yavapai County, AZ",".",".",".",".","0.07","0.061",".",".",".",".",".",".",".","."
"04027","Yuma County, AZ",".",".",".",".","0.08","0.068",".",".",".","23","8.3","234","43","."
"05001","Arkansas County, AR",".",".",".",".",".",".",".",".",".","17","7.8",".",".","."
"05019","Clark County, AR",".",".",".",".","0.07","0.06",".",".",".",".",".",".",".","."
"05035","Crittenden County, AR",".",".","41","7","0.1","0.071",".",".",".","18","7.7",".",".","."
"05051","Garland County, AR",".",".",".",".",".",".",".",".",".","16","8.4",".",".","."
"05101","Newton County, AR",".",".",".",".","0.08","0.064",".",".",".",".",".",".",".","."
"05113","Polk County, AR",".",".",".",".","0.07","0.061",".",".",".","21","7.9",".",".","."
"05119","Pulaski County, AR","1.3","1.1","40","7","0.08","0.064","6","2","1","21","9.2","34","16","."
"05143","Washington County, AR",".",".",".",".","0.08","0.067",".",".",".","20","7.3",".",".","."
"06001","Alameda County, CA","2.2","1.7","43","13","0.1","0.068","5","1","0","24","9.4",".",".","."
"06005","Amador County, CA",".",".",".",".","0.09","0.064",".",".",".",".",".",".",".","."
"06007","Butte County, CA","1.4","1.2","26","5","0.08","0.067",".",".",".","27","7.7","61","19","."
"06009","Calaveras County, CA",".",".",".",".","0.08","0.061",".",".",".","17","6.1","38","11","."
"06011","Colusa County, CA",".",".",".",".","0.07","0.057",".",".",".","21","7.2","72","20","."
"06013","Contra Costa County, CA","1.2","0.9","32","8","0.08","0.067","15","4","2","26","9.9","38","19","."
"06017","El Dorado County, CA",".",".",".",".","0.09","0.074",".",".",".",".",".","96","14","."
"06019","Fresno County, CA","2.6","2.1","53","20","0.1","0.081",".",".",".","43","14.8","172","49","."
"06021","Glenn County, CA",".",".",".",".","0.08","0.063",".",".",".",".",".","101","15","."
"06023","Humboldt County, CA","1.5","0.9","15","2","0.04","0.035","1","1","0","20","6.8","53","17","."
"06025","Imperial County, CA","4","3.1","49","10","0.1","0.075","6","2","0","37","11","765","59","."
"06027","Inyo County, CA","0.3","0.3",".",".","0.07","0.069","1","0","0","32","9.7","700","31","."
"06029","Kern County, CA","1.4","0.9","55","22","0.12","0.087",".",".",".","49","16.1","243","46","."
"06031","Kings County, CA",".",".","41","8","0.09","0.075",".",".",".","43","14.7","247","54","."
"06033","Lake County, CA",".",".",".",".","0.06","0.053",".",".",".","10","4.3","22","11","."
"06037","Los Angeles County, CA","3.4","2.7","76","25","0.12","0.095","4","1","0","33","12.3","92","35","0.04"
"06039","Madera County, CA",".",".","28","6","0.09","0.078",".",".",".","32","10.4","131","35","."
"06041","Marin County, CA","1.3","0.8","33","7","0.07","0.053",".",".",".","20","6.9","28","13","."
"06043","Mariposa County, CA",".",".",".",".","0.09","0.079",".",".",".",".",".","144","23","."
"06045","Mendocino County, CA",".",".",".",".","0.06","0.05",".",".",".","26","11","50","16","."
"06047","Merced County, CA",".",".","32","7","0.1","0.072",".",".",".","31","10.5",".",".","."
"06051","Mono County, CA",".",".",".",".",".",".",".",".",".","19","6.9","94","19","."
"06053","Monterey County, CA","6.6","1.3",".","3","0.07","0.054",".",".",".","16","6.8","62","23","."
"06057","Nevada County, CA",".",".",".",".","0.09","0.074",".",".",".","31","6",".",".","."
"06059","Orange County, CA","2.4","1.8","52","19","0.09","0.07",".",".",".","22","9.9","83","22","."
"06061","Placer County, CA",".",".","33","6","0.09","0.075",".",".",".","44","7.9","61","17","."
"06065","Riverside County, CA","1.6","1.2","48","13","0.12","0.095","3","1","1","63","12.5","1547","70","0.01"
"06067","Sacramento County, CA","1.8","1.5","44","8","0.09","0.074",".",".",".","37","10.5","57","22","."
"06069","San Benito County, CA",".",".",".",".","0.08","0.064",".",".",".","12","5","74","18","."
"06071","San Bernardino County, CA","1.7","1.3","67","29","0.14","0.105","2","1","0","28","12.2","275","38","0.01"
"06073","San Diego County, CA","1.7","1.2","50","15","0.1","0.079","1","0","0","17","8.9","40","23","0.01"
"06075","San Francisco County, CA","1.4","0.9","41","9","0.05","0.044",".",".",".","20","6.8","28","15","."
"06077","San Joaquin County, CA","2.5","1.7","39","8","0.09","0.067",".",".",".","35","10.2","93","29","."
"06079","San Luis Obispo County, CA",".",".","17","2","0.08","0.069","3","2","1","23","9.1","100","29","."
"06081","San Mateo County, CA","1.8","1","38","8","0.08","0.053",".",".",".","20","6.8",".",".","."
"06083","Santa Barbara County, CA","0.9","0.7","20","3","0.07","0.06","2","2","1","16","8","53","21","."
"06085","Santa Clara County, CA","1.8","1.5","44","13","0.09","0.066","2","1","0","28","10.1","41","20","0.04"
"06087","Santa Cruz County, CA",".",".",".",".","0.06","0.047",".",".",".","16","5.5",".",".","."
"06089","Shasta County, CA",".",".",".",".","0.08","0.071",".",".",".",".",".",".",".","."
"06093","Siskiyou County, CA",".",".",".",".","0.08","0.055",".",".",".","48","9.4",".",".","."
"06095","Solano County, CA","1.9","1.6","39","7","0.08","0.063","5","3","1","24","8.2","30","12","."
"06097","Sonoma County, CA","0.9","0.7","25","4","0.06","0.05",".",".",".","17","6.4","36","12","."
"06099","Stanislaus County, CA","1.8","1.4","38","9","0.1","0.077",".",".",".","36","13.4","79","31","."
"06101","Sutter County, CA",".",".","37","7","0.08","0.069",".",".",".","28","10.7","71","21","."
"06103","Tehama County, CA",".",".",".",".","0.08","0.07",".",".",".","19","5.8","40","15","."
"06107","Tulare County, CA",".",".",".","8","0.11","0.09",".",".",".","41","14.9",".",".","."
"06111","Ventura County, CA",".",".","30","6","0.09","0.078",".",".",".","17","8.2","53","23","."
"06113","Yolo County, CA",".",".",".","4","0.08","0.068",".",".",".","29","8.3","54","20","."
"08001","Adams County, CO","1.6","1.1",".","17","0.09","0.075",".",".",".","23","9","89","36","."
"08005","Arapahoe County, CO",".",".",".",".","0.09","0.073",".",".",".","11","5.1",".",".","."
"08007","Archuleta County, CO",".",".","15","2","0.07","0.061","12","12","2",".",".","241","25","."
"08013","Boulder County, CO",".",".",".",".","0.09","0.072",".",".",".","22","6.8","42","22","."
"08019","Clear Creek County, CO",".",".",".",".","0.08","0.068",".",".",".",".",".",".",".","."
"08031","Denver County, CO","2.4","1.6","63","24","0.09","0.072","5","2","0","18","8.1","64","29","."
"08035","Douglas County, CO",".",".",".",".","0.1","0.078",".",".",".","14","5.3",".",".","."
"08041","El Paso County, CO","1.8","0.9",".",".","0.08","0.069","5","2","1","12","4.5","42","19","."
"08043","Fremont County, CO",".",".",".",".",".",".",".",".",".",".",".","106","18","."
"08045","Garfield County, CO",".",".",".",".","0.07","0.063",".",".",".",".",".",".",".","."
"08047","Gilpin County, CO",".",".",".",".","0.08","0.071",".",".",".",".",".",".",".","."
"08051","Gunnison County, CO",".",".",".",".","0.08","0.064",".",".",".",".",".",".",".","."
"08059","Jefferson County, CO",".",".","26","3","0.09","0.078",".",".",".",".",".",".",".","."
"08067","La Plata County, CO","1.3","0.3","18","4","0.08","0.067",".",".",".",".",".",".",".","."
"08069","Larimer County, CO","1.5","1.1",".",".","0.08","0.073",".",".",".","17","6.5",".",".","."
"08077","Mesa County, CO",".",".",".",".","0.07","0.062",".",".",".","15","5.2","72","19","."
"08083","Montezuma County, CO",".",".",".",".","0.07","0.064",".",".",".",".",".",".",".","."
"08097","Pitkin County, CO",".",".",".",".",".",".",".",".",".",".",".","55","16","."
"08099","Prowers County, CO",".",".",".",".",".",".",".",".",".",".",".","270","26","."
"08101","Pueblo County, CO",".",".",".",".",".",".",".",".",".","16","6.4","180","24","."
"08103","Rio Blanco County, CO",".",".","14","1","0.08","0.065",".",".",".","14","7.4",".",".","."
"08107","Routt County, CO",".",".",".",".",".",".",".",".",".",".",".","45","15","."
"08113","San Miguel County, CO",".",".",".",".",".",".",".",".",".",".",".","52","17","."
"08123","Weld County, CO","1.2","0.7","47","8","0.08","0.073",".",".",".","22","6.8",".",".","."
"09001","Fairfield County, CT",".",".","39","8","0.11","0.081","3","1","0","20","7.6","37","14","."
"09003","Hartford County, CT","1.5","1","42","13","0.09","0.074",".",".",".","18","7.3","46","14","."
"09005","Litchfield County, CT","2.2","0.4",".",".","0.09","0.07","3","1","0","11","4.8","20","9","."
"09007","Middlesex County, CT",".",".",".",".","0.1","0.073",".",".",".",".",".",".",".","."
"09009","New Haven County, CT","1.5","1.2","44","12","0.1","0.076","2","1","0","19","7.7","50","19","."
"09011","New London County, CT",".",".",".",".","0.09","0.071",".",".",".","14","6.5","27","12","."
"09013","Tolland County, CT",".",".",".",".","0.08","0.068",".",".",".",".",".",".",".","."
"09015","Windham County, CT",".",".",".",".","0.08","0.064",".",".",".",".",".",".",".","."
"10001","Kent County, DE",".",".",".",".","0.07","0.061",".",".",".","14","6.5",".",".","."
"10003","New Castle County, DE","1.2","0.8",".",".","0.08","0.065","7","1","1","19","8.5",".",".","."
"10005","Sussex County, DE",".",".",".",".","0.07","0.063","2","1","0","15","7.1",".",".","."
"11001","District of Columbia","2.1","1.8","46","14","0.09","0.066","3","2","1","17","8.3","36","14","."
"12001","Alachua County, FL",".",".",".",".","0.07","0.058",".",".",".","13","7.1",".",".","."
"12003","Baker County, FL",".",".",".",".","0.07","0.061",".",".",".",".",".",".",".","."
"12005","Bay County, FL",".",".",".",".","0.07","0.059",".",".",".",".",".",".",".","."
"12009","Brevard County, FL",".",".",".",".","0.07","0.061",".",".",".","16","7.4","67","17","."
"12011","Broward County, FL","1.7","1.1","43","13","0.08","0.06","2","1","0","17","9.4","97","20","."
"12017","Citrus County, FL",".",".",".",".",".",".","14","2","1",".",".",".",".","."
"12021","Collier County, FL",".",".",".",".","0.07","0.055",".",".",".",".",".",".",".","."
"12023","Columbia County, FL",".",".",".",".","0.07","0.062",".",".",".",".",".",".",".","."
"12031","Duval County, FL","1.4","1.1","42","10","0.08","0.064","11","3","1","19","8.8","66","21","."
"12033","Escambia County, FL",".",".",".",".","0.09","0.067","7","2","1","20","9.5","75","18","."
"12035","Flagler County, FL",".",".",".",".","0.07","0.06",".",".",".",".",".",".",".","."
"12055","Highlands County, FL",".",".",".",".","0.07","0.058",".",".",".",".",".",".",".","."
"12057","Hillsborough County, FL","1.1","0.7","34","9","0.09","0.067","71","22","2","16","8","53","24","0.12"
"12059","Holmes County, FL",".",".",".",".","0.07","0.058",".",".",".",".",".",".",".","."
"12061","Indian River County, FL",".",".",".",".","0.06","0.057",".",".",".",".",".",".",".","."
"12069","Lake County, FL",".",".",".",".","0.07","0.06",".",".",".",".",".",".",".","."
"12071","Lee County, FL",".",".",".",".","0.07","0.058",".",".",".",".",".",".",".","."
"12073","Leon County, FL",".",".",".",".","0.07","0.059",".",".",".","15","7.2",".",".","."
"12077","Liberty County, FL",".",".",".",".","0.07","0.058",".",".",".",".",".",".",".","."
"12081","Manatee County, FL",".",".",".",".","0.07","0.059","7","3","1",".",".",".",".","."
"12083","Marion County, FL",".",".",".",".","0.07","0.063",".",".",".",".",".",".",".","."
"12085","Martin County, FL",".",".",".",".","0.06","0.055",".",".",".",".",".",".",".","."
"12086","Miami-Dade County, FL","1.1","0.7","51","13","0.08","0.068","1","1","0","25","7.9","96","21","."
"12089","Nassau County, FL",".",".",".",".",".",".","41","7","1",".",".",".",".","."
"12095","Orange County, FL","1.1","0.9",".",".","0.08","0.066",".",".",".",".",".",".",".","."
"12097","Osceola County, FL",".",".",".",".","0.07","0.06",".",".",".",".",".",".",".","."
"12099","Palm Beach County, FL",".",".",".",".","0.07","0.058",".",".",".","16","7.3","104","19","."
"12101","Pasco County, FL",".",".",".",".","0.07","0.059",".",".",".",".",".",".",".","."
"12103","Pinellas County, FL","1.2","0.8","28","8","0.08","0.06","7","2","1","13","7","47","20","."
"12105","Polk County, FL",".",".",".",".","0.07","0.062",".",".","1","15","7.9",".",".","."
"12107","Putnam County, FL",".",".",".",".",".",".","49","45","3",".",".",".",".","."
"12111","St. Lucie County, FL",".",".",".",".","0.07","0.056",".",".",".",".",".",".",".","."
"12113","Santa Rosa County, FL",".",".",".",".","0.07","0.066",".",".",".",".",".",".",".","."
"12115","Sarasota County, FL",".",".",".",".","0.07","0.064",".",".",".",".",".",".",".","."
"12117","Seminole County, FL",".",".",".",".","0.07","0.059",".",".",".","16","7.5","46","15","."
"12127","Volusia County, FL",".",".",".",".","0.07","0.059",".",".",".","17","8.4","54","19","."
"12129","Wakulla County, FL","0.5","0.4",".",".","0.07","0.057","3","1","1",".",".",".",".","."
"13021","Bibb County, GA",".",".",".",".","0.08","0.057","3","2","1","20","8.8",".",".","."
"13051","Chatham County, GA",".",".",".",".","0.08","0.058","50","21","1",".",".",".",".","."
"13055","Chattooga County, GA",".",".",".",".","0.07","0.061",".",".",".",".",".",".",".","."
"13059","Clarke County, GA",".",".",".",".","0.07","0.063",".",".",".","22","9.1",".",".","."
"13063","Clayton County, GA",".",".",".",".",".",".",".",".",".","17","8.1",".",".","."
"13067","Cobb County, GA",".",".",".",".","0.08","0.065",".",".",".","17","8",".",".","."
"13069","Coffee County, GA",".",".",".",".",".",".",".",".",".","18","7",".",".","."
"13073","Columbia County, GA",".",".",".",".","0.07","0.057",".",".",".",".",".",".",".","."
"13085","Dawson County, GA",".",".",".",".","0.07","0.06",".",".",".",".",".",".",".","."
"13089","DeKalb County, GA","1.4","1.1","52","15","0.09","0.064","2","1","0","22","10.1","48","19","."
"13095","Dougherty County, GA",".",".",".",".",".",".",".",".",".","34","10.8",".",".","."
"13097","Douglas County, GA",".",".",".",".","0.07","0.064",".",".",".",".",".",".",".","."
"13121","Fulton County, GA","1.9","1.6","44","16","0.1","0.067","4","2","1","18","8.8","49","19","."
"13127","Glynn County, GA",".",".",".",".","0.06","0.056",".",".",".","21","9.3",".",".","."
"13135","Gwinnett County, GA",".",".",".",".","0.08","0.062",".",".",".","19","8.5",".",".","."
"13139","Hall County, GA",".",".",".",".",".",".",".",".",".","18","8.8",".",".","."
"13151","Henry County, GA",".",".",".",".","0.08","0.069",".",".",".",".",".",".",".","."
"13153","Houston County, GA",".",".",".",".",".",".",".",".",".","21","9.3",".",".","."
"13185","Lowndes County, GA",".",".",".",".",".",".",".",".",".","25","10",".",".","."
"13213","Murray County, GA",".",".",".",".","0.08","0.066",".",".",".",".",".",".",".","."
"13215","Muscogee County, GA",".",".",".",".","0.07","0.057",".",".",".","24","9.1",".",".","."
"13231","Pike County, GA",".",".",".",".","0.07","0.061",".",".",".",".",".",".",".","."
"13245","Richmond County, GA",".",".",".",".","0.07","0.06","53","7","1","23","9.5","42","17","."
"13247","Rockdale County, GA",".",".",".",".","0.08","0.065",".",".",".",".",".",".",".","."
"13261","Sumter County, GA",".",".",".",".","0.07","0.059",".",".",".",".",".",".",".","."
"13295","Walker County, GA",".",".",".",".",".",".",".",".",".","23","11.2",".",".","."
"13303","Washington County, GA",".",".",".",".",".",".",".",".",".","29","11.3",".",".","."
"15001","Hawaii County, HI",".",".",".",".",".",".","229","50","8","10","5.3",".",".","."
"15003","Honolulu County, HI","5.9","0.8",".",".","0.07","0.044","63","13","1","8","3.7","45","16","."
"15009","Maui County, HI",".",".",".",".",".",".",".",".",".","8","4",".",".","."
"16001","Ada County, ID","1","0.7","48","10","0.09","0.071","2","1","0","24","7.5",".",".","."
"16005","Bannock County, ID",".",".",".",".","0.07","0.057","39","15","4",".",".","87","20","."
"16009","Benewah County, ID",".",".",".",".",".",".",".",".",".","37","9.7",".",".","."
"16017","Bonner County, ID",".",".",".",".",".",".",".",".",".",".",".","100","17","."
"16023","Butte County, ID",".",".",".",".","0.07","0.06",".",".",".",".",".",".",".","."
"16027","Canyon County, ID",".",".",".",".",".",".",".",".",".","37","10.5","107","28","."
"16029","Caribou County, ID",".",".",".",".",".",".","40","10","2",".",".",".",".","."
"16041","Franklin County, ID",".",".",".",".",".",".",".",".",".","26","6",".",".","."
"16049","Idaho County, ID",".",".",".",".","0.06","0.056",".",".",".",".",".",".",".","."
"16059","Lemhi County, ID",".",".",".",".",".",".",".",".",".","72","12.9",".",".","."
"16079","Shoshone County, ID",".",".",".",".",".",".",".",".",".","32","10","102","14","."
"17001","Adams County, IL",".",".",".",".","0.06","0.056",".",".",".",".",".",".",".","."
"17019","Champaign County, IL","0.2","0.2",".",".","0.07","0.068","5","2","1","18","7.8",".",".","."
"17023","Clark County, IL",".",".",".",".","0.07","0.062",".",".",".",".",".",".",".","."
"17031","Cook County, IL","1.4","1","55","17","0.09","0.074","7","2","1","30","11.3","134","38","0.01"
"17043","DuPage County, IL",".",".",".",".","0.08","0.068",".",".",".","21","9.3",".",".","."
"17049","Effingham County, IL",".",".",".",".","0.07","0.067",".",".",".",".",".",".",".","."
"17065","Hamilton County, IL",".",".",".",".","0.07","0.064",".",".",".","19","8.2",".",".","."
"17083","Jersey County, IL",".",".",".",".","0.09","0.072",".",".",".","20","8",".",".","."
"17085","Jo Daviess County, IL",".",".",".",".","0.07","0.059",".",".",".",".",".",".",".","."
"17089","Kane County, IL",".",".",".",".","0.08","0.07",".",".",".","26","9.7",".",".","."
"17097","Lake County, IL",".",".",".",".","0.1","0.07",".",".",".",".",".",".",".","."
"17099","La Salle County, IL",".",".",".",".",".",".","5","3","0",".",".",".",".","."
"17111","McHenry County, IL",".",".",".",".","0.08","0.07",".",".",".","21","9",".",".","."
"17113","McLean County, IL",".",".",".",".","0.08","0.069",".",".",".","21","8.7",".",".","."
"17115","Macon County, IL",".",".",".",".","0.08","0.065","55","24","2","20","8.7",".",".","."
"17117","Macoupin County, IL",".",".","14","2","0.08","0.062","4","2","1",".",".",".",".","."
"17119","Madison County, IL",".",".",".",".","0.09","0.076","9","3","1","30","10.3","75","30","0.04"
"17133","Monroe County, IL",".",".",".",".",".",".","20","2","0",".",".",".",".","."
"17143","Peoria County, IL",".",".",".",".","0.08","0.065",".",".",".",".",".",".",".","."
"17157","Randolph County, IL",".",".",".",".","0.08","0.068",".",".",".","18","7.8",".",".","."
"17161","Rock Island County, IL",".",".",".",".","0.07","0.061",".",".",".","22","8.8",".",".","."
"17163","Saint Clair County, IL",".",".","39","9","0.08","0.067","14","3","1","23","10.2",".",".","."
"17167","Sangamon County, IL",".",".",".",".","0.09","0.064",".",".",".","19","8.7",".",".","."
"17179","Tazewell County, IL",".",".",".",".",".",".","11","4","1",".",".",".",".","."
"17185","Wabash County, IL",".",".",".",".",".",".","25","6","1",".",".",".",".","."
"17197","Will County, IL",".",".",".",".","0.08","0.064",".",".",".","20","9.1",".",".","."
"17201","Winnebago County, IL",".",".",".",".","0.07","0.066",".",".",".","23","8.3",".",".","."
"18003","Allen County, IN",".",".",".",".","0.08","0.069",".",".",".",".",".",".",".","."
"18005","Bartholomew County, IN",".",".",".",".","0.07","0.066",".",".",".","15","6.6",".",".","."
"18011","Boone County, IN",".",".",".",".","0.08","0.068",".",".",".",".",".",".",".","."
"18013","Brown County, IN",".",".",".",".","0.08","0.06",".",".",".",".",".",".",".","."
"18015","Carroll County, IN",".",".",".",".","0.07","0.066",".",".",".",".",".",".",".","."
"18019","Clark County, IN",".",".",".",".","0.08","0.064",".",".",".","24","10.3","61","20","."
"18035","Delaware County, IN",".",".",".",".","0.08","0.068",".",".",".","18","7.5",".",".","."
"18037","Dubois County, IN",".",".",".",".",".",".",".",".",".","21","8.6","46","16","."
"18039","Elkhart County, IN",".",".",".",".","0.07","0.06",".",".",".","30","8.5",".",".","."
"18043","Floyd County, IN",".",".",".",".","0.07","0.063","7","2","1",".",".",".",".","."
"18051","Gibson County, IN",".",".",".",".",".",".","34","10","2",".",".",".",".","."
"18055","Greene County, IN",".",".",".",".","0.07","0.063",".",".",".","17","7.1",".",".","."
"18057","Hamilton County, IN",".",".",".",".","0.08","0.065",".",".",".","23","10.1",".",".","."
"18063","Hendricks County, IN",".",".",".",".","0.07","0.063",".",".",".",".",".",".",".","."
"18067","Howard County, IN",".",".",".",".","0.08","0.071",".",".",".","18","7.3",".",".","."
"18083","Knox County, IN",".",".",".",".","0.07","0.065",".",".",".",".",".",".",".","."
"18089","Lake County, IN",".",".","47","9","0.09","0.071","20","8","1","29","10.2","62","24","0.16"
"18091","LaPorte County, IN",".",".",".",".","0.09","0.068",".",".",".","19","7.9",".",".","."
"18095","Madison County, IN",".",".",".",".","0.08","0.071",".",".",".","19","8.8",".",".","."
"18097","Marion County, IN","1.6","1.2","43","11","0.08","0.072","7","2","0","32","12.2","100","30","."
"18105","Monroe County, IN",".",".",".",".",".",".",".",".",".","17","7.1",".",".","."
"18123","Perry County, IN",".",".",".",".","0.08","0.065",".",".",".",".",".",".",".","."
"18127","Porter County, IN",".",".",".",".","0.09","0.073","45","13","1","22","8.5","71","19","0.01"
"18129","Posey County, IN",".",".",".",".","0.07","0.06",".",".",".",".",".",".",".","."
"18141","St. Joseph County, IN",".",".","33","5","0.08","0.071",".",".",".","27","10.4",".",".","."
"18145","Shelby County, IN",".",".",".",".","0.08","0.065",".",".",".",".",".",".",".","."
"18147","Spencer County, IN",".",".",".",".",".",".",".",".",".","19","7.9",".",".","."
"18157","Tippecanoe County, IN",".",".",".",".",".",".",".",".",".","17","7.2",".",".","."
"18163","Vanderburgh County, IN","1.3","0.8","30","5","0.07","0.067","10","4","1","23","9.8","81","19","."
"18167","Vigo County, IN",".",".",".",".","0.08","0.068","3","2","0","25","9.1",".",".","."
"18169","Wabash County, IN",".",".",".",".","0.08","0.068",".",".",".",".",".",".",".","."
"18173","Warrick County, IN",".",".",".",".","0.08","0.068","23","6","1",".",".",".",".","."
"18183","Whitley County, IN",".",".",".",".",".",".",".",".",".","23","9.1",".",".","."
"19013","Black Hawk County, IA",".",".",".",".",".",".",".",".",".","19","7.3",".",".","."
"19017","Bremer County, IA",".",".",".",".","0.06","0.057",".",".",".",".",".",".",".","."
"19033","Cerro Gordo County, IA",".",".",".",".",".",".",".",".",".",".",".","46","20","."
"19045","Clinton County, IA",".",".",".",".","0.07","0.063","75","29","2","22","8.1",".",".","."
"19085","Harrison County, IA",".",".",".",".","0.07","0.06",".",".",".",".",".",".",".","."
"19103","Johnson County, IA",".",".",".",".",".",".",".",".",".","22","8.9",".",".","."
"19113","Linn County, IA",".",".",".",".","0.07","0.059","47","18","1","22","8.9","59","21","."
"19137","Montgomery County, IA",".",".",".",".","0.07","0.057",".",".",".","16","6.1",".",".","."
"19139","Muscatine County, IA",".",".",".",".",".",".","27","10","1","22","8.1","59","19","."
"19147","Palo Alto County, IA",".",".",".",".","0.07","0.059",".",".",".",".",".",".",".","."
"19153","Polk County, IA",".",".","35","6","0.06","0.057",".",".",".","22","7.1","62","21","."
"19155","Pottawattamie County, IA",".",".",".",".",".",".",".",".",".","19","7.5","57","21","0.12"
"19163","Scott County, IA","1","0.6",".",".","0.07","0.061","3","1","0","23","8.8","126","33","."
"19177","Van Buren County, IA",".",".","7","2","0.06","0.056","2","1","0",".",".","43","15","."
"19193","Woodbury County, IA",".",".",".",".",".",".",".",".",".","13","7",".",".","."
"20057","Ford County, KS",".",".",".",".",".",".",".",".",".",".",".","164","26","."
"20091","Johnson County, KS",".",".",".",".","0.07","0.063",".",".",".","23","9","82","22","."
"20103","Leavenworth County, KS",".",".",".",".","0.08","0.061",".",".",".",".",".",".",".","."
"20133","Neosho County, KS",".",".",".",".","0.07","0.063","3","2","0",".",".",".",".","."
"20173","Sedgwick County, KS",".",".",".","6","0.08","0.072",".",".",".",".",".",".",".","."
"20177","Shawnee County, KS",".",".",".",".","0.07","0.059",".",".",".",".",".",".",".","."
"20181","Sherman County, KS",".",".",".",".",".",".",".",".",".",".",".","199","26","."
"20191","Sumner County, KS",".",".","29","3","0.08","0.067","3","2","1","23","9.1","128","31","."
"20195","Trego County, KS",".",".",".","2","0.07","0.063","3","3","0","18","7.2","178","27","."
"20209","Wyandotte County, KS","1.2","0.8",".",".","0.09","0.064",".",".",".","21","8",".",".","."
"21013","Bell County, KY",".",".",".",".","0.06","0.06",".",".",".","21","9.6",".",".","."
"21015","Boone County, KY",".",".",".",".","0.08","0.066",".",".",".",".",".",".",".","."
"21019","Boyd County, KY",".",".","31","6","0.07","0.06","6","1","0","17","7.8","42","22","."
"21029","Bullitt County, KY",".",".",".",".","0.08","0.063",".",".",".",".",".",".",".","."
"21037","Campbell County, KY",".",".","29","5","0.08","0.062","10","3","1","18","7.7",".",".","."
"21043","Carter County, KY",".",".",".",".","0.07","0.058",".",".",".","15","6.8","19","10","."
"21047","Christian County, KY",".",".",".",".","0.07","0.061",".",".",".","21","9.3",".",".","."
"21059","Daviess County, KY",".",".","30","5","0.07","0.062","8","2","1","21","8.6",".",".","."
"21061","Edmonson County, KY","0.3","0.3",".",".","0.07","0.061","2","1","0",".",".",".",".","."
"21067","Fayette County, KY",".",".","43","6","0.07","0.065","3","1","0","18","7.9","27","14","."
"21089","Greenup County, KY",".",".",".",".","0.07","0.059","7","3","1",".",".",".",".","."
"21091","Hancock County, KY",".",".",".",".","0.08","0.067",".",".",".",".",".",".",".","."
"21093","Hardin County, KY",".",".",".",".","0.07","0.063",".",".",".","19","8",".",".","."
"21101","Henderson County, KY",".",".",".",".",".",".","73","23","1",".",".",".",".","."
"21111","Jefferson County, KY","1.7","1.2","48","14","0.09","0.072","12","3","1","22","9.8","59","20","."
"21113","Jessamine County, KY",".",".",".",".","0.07","0.064","5","3","1",".",".",".",".","."
"21139","Livingston County, KY",".",".",".",".","0.08","0.068",".",".",".",".",".",".",".","."
"21145","McCracken County, KY",".",".","29","5","0.08","0.067","11","3","1",".",".",".",".","."
"21151","Madison County, KY",".",".",".",".",".",".",".",".",".",".",".",".",".","0.03"
"21175","Morgan County, KY",".",".",".",".","0.07","0.059",".",".",".",".",".",".",".","."
"21185","Oldham County, KY",".",".",".",".","0.08","0.063",".",".",".",".",".",".",".","."
"21193","Perry County, KY",".",".",".",".","0.07","0.06",".",".",".","19","8.9",".",".","."
"21195","Pike County, KY",".",".",".",".","0.07","0.058",".",".",".","14","6.9",".",".","."
"21199","Pulaski County, KY",".",".",".",".","0.06","0.058",".",".",".","17","7.8",".",".","."
"21213","Simpson County, KY",".",".",".",".","0.07","0.062",".",".",".",".",".",".",".","."
"21227","Warren County, KY",".",".",".",".","0.07","0.063",".",".",".","16","7.8",".",".","."
"21229","Washington County, KY",".",".",".",".","0.07","0.06",".",".",".",".",".",".",".","."
"22005","Ascension Parish, LA",".",".","34","6","0.08","0.065",".",".",".",".",".",".",".","."
"22015","Bossier Parish, LA",".",".",".",".","0.07","0.059","4","1","0",".",".","77","20","."
"22017","Caddo Parish, LA",".",".",".",".","0.08","0.065",".",".",".","20","10",".",".","."
"22019","Calcasieu Parish, LA",".",".","29","5","0.08","0.065","23","8","1","23","7.6",".",".","."
"22033","East Baton Rouge Parish, LA","1.2","0.9","43","8","0.08","0.067","14","4","0","20","9.2","68","19","0.01"
"22047","Iberville Parish, LA",".",".","21","3","0.1","0.072",".",".",".","16","7.7",".",".","."
"22051","Jefferson Parish, LA",".",".","40","6","0.08","0.062",".",".",".","19","8.8",".",".","."
"22055","Lafayette Parish, LA",".",".",".",".","0.08","0.065",".",".",".","17","7.9",".",".","."
"22057","Lafourche Parish, LA",".",".",".",".","0.07","0.059",".",".",".",".",".",".",".","."
"22063","Livingston Parish, LA",".",".",".","2","0.08","0.065",".",".",".",".",".",".",".","."
"22071","Orleans Parish, LA","1.9","1.3","50","9",".",".",".",".",".","18","7.9","98","16","."
"22073","Ouachita Parish, LA",".",".",".",".","0.07","0.06",".",".",".","19","7.8",".",".","."
"22077","Pointe Coupee Parish, LA",".",".",".",".","0.08","0.063",".",".",".",".",".",".",".","."
"22079","Rapides Parish, LA",".",".",".",".",".",".",".",".",".","17","7.7",".",".","."
"22087","St. Bernard Parish, LA",".",".",".",".","0.07","0.06","54","13","2","18","8.2",".",".","."
"22089","St. Charles Parish, LA",".",".",".",".",".",".","63","15","2",".",".",".",".","."
"22093","St. James Parish, LA",".",".",".",".","0.08","0.063",".",".",".",".",".",".",".","."
"22095","St. John the Baptist Parish, LA",".",".",".",".","0.07","0.059",".",".",".",".",".",".",".","0.02"
"22099","St. Martin Parish, LA",".",".",".",".","0.08","0.063",".",".",".",".",".",".",".","."
"22103","St. Tammany Parish, LA",".",".",".",".","0.07","0.066",".",".",".",".",".",".",".","."
"22105","Tangipahoa Parish, LA",".",".",".",".",".",".",".",".",".","19","7.6",".",".","."
"22109","Terrebonne Parish, LA",".",".",".",".",".",".",".",".",".","17","7.4",".",".","."
"22121","West Baton Rouge Parish, LA",".",".","42","8","0.09","0.066","20","3","1","19","9.1",".",".","."
"23001","Androscoggin County, ME",".",".",".",".","0.08","0.059",".",".",".","13","4.5","26","10","."
"23003","Aroostook County, ME",".",".",".",".","0.05","0.048",".",".",".","15","5.2","74","13","."
"23005","Cumberland County, ME","0.5","0.4","42","6","0.08","0.062",".",".",".","14","5.8","55","18","."
"23009","Hancock County, ME","0.3","0.3",".",".","0.09","0.066","1","0","0","9","3.6","14","6","."
"23011","Kennebec County, ME",".",".",".",".","0.07","0.054",".",".",".","15","5.1","37","9","."
"23013","Knox County, ME",".",".",".",".","0.07","0.056",".",".",".",".",".",".",".","."
"23017","Oxford County, ME",".",".",".",".","0.06","0.054",".",".",".","15","4.7",".",".","."
"23019","Penobscot County, ME",".",".",".",".","0.07","0.059",".",".",".","12","4.8","47","12","."
"23023","Sagadahoc County, ME",".",".",".",".","0.07","0.057",".",".",".",".",".",".",".","."
"23029","Washington County, ME",".",".",".",".","0.06","0.052",".",".",".",".",".",".",".","."
"23031","York County, ME",".",".",".",".","0.08","0.063",".",".",".",".",".",".",".","."
"24003","Anne Arundel County, MD",".",".",".",".","0.08","0.062",".",".",".",".",".","18","9","."
"24005","Baltimore County, MD","1.6","1.2","42","14","0.09","0.069","3","1","0","21","6.9",".",".","."
"24009","Calvert County, MD",".",".",".",".","0.07","0.058",".",".",".",".",".",".",".","."
"24013","Carroll County, MD",".",".",".",".","0.08","0.064",".",".",".",".",".",".",".","."
"24015","Cecil County, MD",".",".",".",".","0.08","0.063",".",".",".","16","6.8",".",".","."
"24017","Charles County, MD",".",".",".",".","0.07","0.061",".",".",".",".",".",".",".","."
"24019","Dorchester County, MD",".",".",".",".","0.07","0.062","1","1","0","13","6.9",".",".","."
"24021","Frederick County, MD",".",".",".",".","0.08","0.061",".",".",".",".",".",".",".","."
"24023","Garrett County, MD","0.3","0.2","9","1","0.07","0.059","3","1","0","11","5.2",".",".","."
"24025","Harford County, MD",".",".",".",".","0.09","0.068",".",".",".","16","6.3",".",".","."
"24027","Howard County, MD","0.8","0.7","44","15",".",".",".",".",".","15","6.9",".",".","."
"24029","Kent County, MD",".",".",".",".","0.08","0.065",".",".",".","12","6.3",".",".","."
"24031","Montgomery County, MD",".",".",".",".","0.08","0.063",".",".",".","16","7.3",".",".","."
"24033","Prince George's County, MD","1","0.6","36","6","0.08","0.065","3","1","0","12","5.5",".",".","."
"24043","Washington County, MD",".",".",".",".","0.07","0.061",".",".",".","16","5.8",".",".","."
"24510","Baltimore (City), MD",".",".","43","9","0.08","0.068",".",".",".","16","6.9","20","11","."
"25001","Barnstable County, MA",".",".",".",".","0.08","0.06",".",".",".",".",".",".",".","."
"25003","Berkshire County, MA",".",".",".",".","0.07","0.063",".",".",".","15","5.8",".",".","."
"25005","Bristol County, MA",".",".",".",".","0.07","0.061","3","1","1","14","6.2",".",".","."
"25007","Dukes County, MA",".",".",".",".","0.08","0.064",".",".",".",".",".",".",".","."
"25009","Essex County, MA",".",".",".",".","0.08","0.07",".",".",".",".",".",".",".","."
"25011","Franklin County, MA",".",".",".",".","0.07","0.06",".",".",".","19","7.2",".",".","."
"25013","Hampden County, MA",".",".","40","10","0.08","0.067","1","1","0","16","6.2",".",".","."
"25015","Hampshire County, MA",".",".","17","2","0.08","0.063","1","1","0","15","6.5",".",".","."
"25017","Middlesex County, MA",".",".","41","11","0.07","0.062",".",".",".","15","6.2",".",".","."
"25021","Norfolk County, MA",".",".","38","5","0.08","0.067",".",".",".","13","6.1",".",".","."
"25023","Plymouth County, MA",".",".",".",".","0.07","0.063",".",".",".","17","8.7",".",".","."
"25025","Suffolk County, MA","2.6","1.1","47","12","0.08","0.068","3","1","0","17","7.3","34","13","."
"25027","Worcester County, MA","1.2","0.7","48","10","0.08","0.061","2","1","0","18","8.6",".",".","."
"26005","Allegan County, MI",".",".",".",".","0.1","0.073",".",".",".","17","6.5",".",".","."
"26017","Bay County, MI",".",".",".",".",".",".",".",".",".","18","6.4",".",".","."
"26019","Benzie County, MI",".",".",".",".","0.09","0.069",".",".",".",".",".",".",".","."
"26021","Berrien County, MI",".",".",".",".","0.09","0.074",".",".",".",".",".",".",".","."
"26027","Cass County, MI",".",".",".",".","0.08","0.068",".",".",".",".",".",".",".","."
"26037","Clinton County, MI",".",".",".",".","0.07","0.064",".",".",".",".",".",".",".","."
"26049","Genesee County, MI",".",".",".",".","0.08","0.067",".",".",".","20","8.2",".",".","."
"26063","Huron County, MI",".",".",".",".","0.08","0.065",".",".",".",".",".",".",".","."
"26065","Ingham County, MI",".",".","37","6","0.07","0.062","6","3","1","23","8.6",".",".","."
"26067","Ionia County, MI",".",".",".",".",".",".",".",".",".",".",".",".",".","0.06"
"26077","Kalamazoo County, MI",".",".",".",".","0.08","0.068",".",".",".","29","10.3",".",".","."
"26081","Kent County, MI","1.5","1.2","36","7","0.09","0.068","3","1","0","25","9.4","49","17","."
"26091","Lenawee County, MI",".",".",".",".","0.07","0.065",".",".",".","23","8.3",".",".","."
"26099","Macomb County, MI",".",".",".",".","0.08","0.068",".",".",".","25","8.9",".",".","."
"26101","Manistee County, MI",".",".",".",".","0.09","0.066",".",".",".",".",".",".",".","."
"26105","Mason County, MI",".",".",".",".","0.09","0.066",".",".",".",".",".",".",".","."
"26113","Missaukee County, MI",".",".","8","1","0.08","0.065",".",".",".","16","8.8",".",".","."
"26115","Monroe County, MI",".",".",".",".",".",".",".",".",".",".",".","168","44","."
"26121","Muskegon County, MI",".",".",".",".","0.11","0.082",".",".",".",".",".",".",".","."
"26125","Oakland County, MI",".",".",".",".","0.07","0.065",".",".",".","22","6.8",".",".","."
"26139","Ottawa County, MI",".",".",".",".","0.1","0.071",".",".",".",".",".",".",".","."
"26147","St. Clair County, MI",".",".",".",".","0.08","0.066","108","47","2","21","8.5",".",".","0.04"
"26153","Schoolcraft County, MI",".",".",".",".","0.08","0.067",".",".",".","15","6.1",".",".","."
"26157","Tuscola County, MI",".",".",".",".","0.08","0.067",".",".",".",".",".",".",".","."
"26161","Washtenaw County, MI",".",".",".",".","0.08","0.067",".",".",".","26","8.9",".",".","."
"26163","Wayne County, MI","3.5","1.7","51","14","0.08","0.071","43","23","3","33","12","85","26","0.02"
"26165","Wexford County, MI",".",".",".",".","0.09","0.073",".",".",".",".",".",".",".","."
"27003","Anoka County, MN","1","0.7","40","6","0.07","0.057","2","1","1","17","6.2","58","13","0.01"
"27005","Becker County, MN",".",".",".",".","0.07","0.055",".",".",".","13","5.2",".",".","."
"27007","Beltrami County, MN",".",".",".",".",".",".",".",".",".","11","4.7",".",".","."
"27017","Carlton County, MN",".",".",".",".","0.06","0.05",".",".",".","8","1.4",".",".","."
"27021","Cass County, MN",".",".",".",".",".",".",".",".",".","13","5.9",".",".","."
"27031","Cook County, MN",".",".",".",".",".",".",".",".",".","8","1.2",".",".","."
"27035","Crow Wing County, MN",".",".",".",".","0.06","0.055",".",".",".","16","5.6",".",".","."
"27037","Dakota County, MN","0.8","0.7","37","8",".",".","15","7","1","16","6.3",".",".","0.1"
"27049","Goodhue County, MN",".",".",".",".","0.07","0.057",".",".",".",".",".",".",".","."
"27053","Hennepin County, MN","3.7","1.6","46","12","0.06","0.054",".",".",".","19","7.6","118","23","0.03"
"27075","Lake County, MN",".",".",".",".","0.06","0.053",".",".",".","12","4.1",".",".","."
"27083","Lyon County, MN",".",".",".",".","0.06","0.058",".",".",".","20","6.5",".",".","."
"27109","Olmsted County, MN",".",".",".",".","0.06","0.057",".",".",".","20","6.5",".",".","."
"27123","Ramsey County, MN",".",".",".",".",".",".",".",".",".","18","7.3","84","25","0.03"
"27137","Saint Louis County, MN",".",".",".","5","0.06","0.052","16","5","1","13","3","64","22","0.01"
"27139","Scott County, MN",".",".",".",".","0.07","0.06",".",".",".","17","6.8",".",".","."
"27163","Washington County, MN",".",".",".",".","0.07","0.061","4","3","1",".",".",".",".","0"
"27171","Wright County, MN",".",".",".",".","0.07","0.06",".",".",".","16","6.1",".",".","."
"28011","Bolivar County, MS",".",".",".",".","0.07","0.063",".",".",".","22","8.6",".",".","."
"28033","DeSoto County, MS",".",".",".",".","0.09","0.075",".",".",".","20","9.1",".",".","."
"28035","Forrest County, MS",".",".",".",".",".",".",".",".",".","23","10.2",".",".","."
"28045","Hancock County, MS",".",".",".",".","0.07","0.061",".",".",".","20","8.3",".",".","."
"28047","Harrison County, MS",".",".",".",".","0.08","0.065",".",".",".","20","8.9",".",".","."
"28049","Hinds County, MS","1.3","1",".",".","0.08","0.062","2","1","0","26","9.9","102","20","."
"28059","Jackson County, MS",".",".","30","3","0.08","0.065","5","2","0","17","8",".",".","."
"28075","Lauderdale County, MS",".",".",".",".","0.07","0.059",".",".",".",".",".",".",".","."
"28081","Lee County, MS",".",".",".",".","0.08","0.067",".",".",".",".",".",".",".","."
"28161","Yalobusha County, MS",".",".",".",".","0.07","0.064",".",".",".",".",".",".",".","."
"29003","Andrew County, MO",".",".",".",".","0.07","0.061",".",".",".",".",".",".",".","."
"29019","Boone County, MO",".",".",".",".","0.07","0.057",".",".",".",".",".",".",".","."
"29021","Buchanan County, MO",".",".",".",".",".",".",".",".",".","19","6.6","99","30","."
"29027","Callaway County, MO",".",".",".",".","0.07","0.061",".",".",".",".",".",".",".","."
"29037","Cass County, MO",".",".",".",".","0.07","0.063",".",".",".","14","5.8",".",".","."
"29039","Cedar County, MO",".",".",".",".","0.07","0.066",".",".",".","19","5.9",".",".","."
"29047","Clay County, MO",".",".",".",".","0.09","0.07",".",".",".","15","5.5",".",".","."
"29049","Clinton County, MO",".",".",".",".","0.08","0.065",".",".",".",".",".",".",".","."
"29071","Franklin County, MO",".",".",".",".",".",".","44","6","0",".",".",".",".","."
"29077","Greene County, MO",".",".",".",".","0.08","0.066",".",".",".",".",".",".",".","."
"29087","Holt County, MO",".",".",".",".",".",".",".",".",".",".",".",".",".","0.02"
"29093","Iron County, MO",".",".",".",".",".",".","61","12","2",".",".",".",".","0.14"
"29095","Jackson County, MO","1.9","1","47","10",".",".","7","2","1","23","10.1","132","32","."
"29097","Jasper County, MO",".",".",".",".","0.08","0.069",".",".",".",".",".","132","29","."
"29099","Jefferson County, MO",".",".",".",".","0.08","0.069","31","4","1",".",".","62","13","0.04"
"29113","Lincoln County, MO",".",".",".",".","0.08","0.068",".",".",".",".",".",".",".","."
"29137","Monroe County, MO",".",".","8","2","0.06","0.053","5","3","1",".",".","51","12","."
"29143","New Madrid County, MO",".",".",".",".",".",".","479","334","46",".",".",".",".","."
"29157","Perry County, MO",".",".",".",".","0.08","0.067",".",".",".",".",".",".",".","."
"29179","Reynolds County, MO",".",".",".",".",".",".",".",".",".",".",".",".",".","0.03"
"29183","Saint Charles County, MO",".",".",".",".","0.09","0.071","39","9","1",".",".",".",".","."
"29186","Sainte Genevieve County, MO",".",".",".",".","0.07","0.063",".",".",".",".",".",".",".","."
"29189","Saint Louis County, MO",".",".","41","10","0.08","0.067","23","4","1","21","8.7",".",".","."
"29510","St. Louis City, MO","1.7","1.1","45","8","0.08","0.068","11","2","1","27","11","175","36","."
"30017","Custer County, MT",".",".","29","4","0.07","0.058",".",".",".","13","5.2",".",".","."
"30027","Fergus County, MT",".",".","8","1","0.06","0.057",".",".",".","21","4.2","59","9","."
"30029","Flathead County, MT",".",".",".",".","0.06","0.052",".",".",".","30","8.4","114","27","."
"30031","Gallatin County, MT","2.6","0.6","25","2",".",".",".",".",".","15","3.6",".",".","."
"30049","Lewis and Clark County, MT","0.7","0.7",".",".","0.06","0.057","1","1","0","35","8.6",".",".","."
"30053","Lincoln County, MT",".",".",".",".",".",".",".",".",".","32","12","70","16","."
"30063","Missoula County, MT",".",".",".",".","0.07","0.056",".",".",".","36","10.8","129","16","."
"30071","Phillips County, MT",".",".","8","1","0.06","0.051",".",".",".","12","4.2","88","11","."
"30075","Powder River County, MT",".",".","9","1","0.07","0.059",".",".",".","21","5.9","126","24","."
"30081","Ravalli County, MT",".",".",".",".",".",".",".",".",".","65","8.6",".",".","."
"30083","Richland County, MT",".",".","12","1","0.06","0.054","7","2","0","14","4.8","63","12","."
"30087","Rosebud County, MT",".",".",".","1",".",".","6","2","1",".",".",".",".","."
"30089","Sanders County, MT",".",".",".",".",".",".",".",".",".",".",".","109","22","."
"30093","Silver Bow County, MT",".",".",".",".",".",".",".",".",".","42","9.2","105","21","."
"30111","Yellowstone County, MT",".",".",".",".",".",".","26","5","1","22","6.7",".",".","."
"31025","Cass County, NE",".",".",".",".",".",".",".",".",".",".",".","94","24","."
"31055","Douglas County, NE","1.6","1.4",".",".","0.08","0.063","46","23","1","18","6.9","70","25","."
"31079","Hall County, NE",".",".",".",".",".",".",".",".",".","16","5.7",".",".","."
"31107","Knox County, NE",".",".",".",".","0.08","0.066",".",".",".",".",".",".",".","."
"31109","Lancaster County, NE",".",".",".",".","0.06","0.055",".",".",".","16","6.4",".",".","."
"31153","Sarpy County, NE",".",".",".",".",".",".",".",".",".","16","6.7",".",".","."
"31157","Scotts Bluff County, NE",".",".",".",".",".",".",".",".",".","9","3.2",".",".","."
"32001","Churchill County, NV",".",".",".",".","0.06","0.059",".",".",".",".",".",".",".","."
"32003","Clark County, NV","2.7","2.2","50","21","0.09","0.074","4","2","1","40","10.5","429","45","."
"32005","Douglas County, NV",".",".",".",".",".",".",".",".",".","27","6.1",".",".","."
"32007","Elko County, NV",".",".",".",".",".",".",".",".",".",".",".","176","23","."
"32019","Lyon County, NV",".",".",".",".","0.07","0.061",".",".",".",".",".",".",".","."
"32023","Nye County, NV",".",".",".",".",".",".",".",".",".",".",".","352","34","."
"32031","Washoe County, NV","2.6","1.8","47","12","0.08","0.066","3","1","0","74","10","192","26","."
"32033","White Pine County, NV",".",".",".",".","0.07","0.061",".",".",".",".",".",".",".","."
"32510","Carson City, NV",".",".",".",".","0.07","0.062",".",".",".","41","5.7",".",".","."
"33001","Belknap County, NH",".",".",".",".","0.07","0.056",".",".",".","11","4.5",".",".","."
"33005","Cheshire County, NH",".",".",".",".","0.07","0.059",".",".",".","17","5.9",".",".","."
"33007","Coos County, NH",".",".",".",".","0.07","0.056",".",".",".",".",".",".",".","."
"33009","Grafton County, NH",".",".",".",".","0.07","0.054",".",".",".","12","5.5",".",".","."
"33011","Hillsborough County, NH","0.4","0.3",".",".","0.08","0.062",".",".",".","10","4.1",".",".","."
"33013","Merrimack County, NH",".",".",".",".","0.07","0.057","33","13","2",".",".",".",".","."
"33015","Rockingham County, NH","0.5","0.5",".","2","0.09","0.068","9","3","1","14","6.4","36","14","."
"34001","Atlantic County, NJ",".",".",".",".","0.07","0.06","1","0","0","13","6.1",".",".","."
"34003","Bergen County, NJ","1.4","1.2","53","16","0.08","0.063",".",".",".","16","6.9",".",".","."
"34007","Camden County, NJ","1.9","1.4","48","11","0.07","0.062","5","2","0","19","8.8","50","21","."
"34011","Cumberland County, NJ",".",".","32","6","0.07","0.061",".",".",".","13","5.8",".",".","."
"34013","Essex County, NJ","1.9","1.3",".",".",".",".",".",".",".",".",".",".",".","."
"34015","Gloucester County, NJ",".",".",".",".","0.08","0.069",".",".",".","13","6.2",".",".","."
"34017","Hudson County, NJ","3.7","2","54","17","0.08","0.065","5","3","1","19","7.5","25","14","."
"34019","Hunterdon County, NJ",".",".",".",".","0.08","0.063",".",".",".","17","7.2",".",".","."
"34021","Mercer County, NJ",".",".",".",".","0.08","0.068",".",".",".","16","7.8",".",".","."
"34023","Middlesex County, NJ",".",".","43","8","0.08","0.068",".",".",".","16","7.3",".",".","."
"34025","Monmouth County, NJ",".",".",".",".","0.09","0.069",".",".",".",".",".",".",".","."
"34027","Morris County, NJ",".",".","28","3","0.08","0.062","4","2","1","11","5.1",".",".","."
"34029","Ocean County, NJ",".",".",".",".","0.08","0.069",".",".",".","14","5.9",".",".","."
"34031","Passaic County, NJ",".",".",".",".","0.07","0.058",".",".",".",".",".",".",".","."
"34039","Union County, NJ","2.2","1.5","63","20",".",".","5","3","1","21","9.5",".",".","."
"34041","Warren County, NJ",".",".","40","11","0.07","0.06","4","1","0","24","8.4",".",".","."
"35001","Bernalillo County, NM","3.3","1.7","44","9","0.08","0.074","3","1","0","31","10.7","449","49","."
"35013","Dona Ana County, NM",".",".","50","8","0.1","0.08",".",".",".","20","8.3","372","41","."
"35015","Eddy County, NM",".",".","32","5","0.09","0.083",".",".",".",".",".",".",".","."
"35025","Lea County, NM",".",".","32","4","0.08","0.072",".",".",".","22","6.8",".",".","."
"35029","Luna County, NM",".",".",".",".",".",".",".",".",".",".",".","336","29","."
"35039","Rio Arriba County, NM",".",".",".",".","0.07","0.062",".",".",".",".",".",".",".","."
"35043","Sandoval County, NM",".",".",".",".","0.08","0.069",".",".",".",".",".",".",".","."
"35045","San Juan County, NM",".",".","32","9","0.08","0.069","5","2","1",".",".","270","20","."
"35049","Santa Fe County, NM",".",".",".",".","0.07","0.067",".",".",".","15","2.9",".",".","."
"35055","Taos County, NM",".",".",".",".",".",".",".",".",".","18","4.6",".",".","."
"35061","Valencia County, NM",".",".",".",".","0.07","0.064",".",".",".",".",".",".",".","."
"36001","Albany County, NY",".",".",".",".","0.07","0.058",".",".",".","16","7",".",".","."
"36005","Bronx County, NY","2","1.6","57","16","0.08","0.065","4","2","1","17","8.1","24","12","."
"36013","Chautauqua County, NY",".",".",".",".","0.08","0.071",".",".",".","15","5.6",".",".","."
"36027","Dutchess County, NY",".",".",".",".","0.07","0.063",".",".",".",".",".",".",".","."
"36029","Erie County, NY","1.1","0.8","51","10","0.08","0.066","11","4","0","19","6.6","60","16","."
"36031","Essex County, NY",".",".",".",".","0.07","0.061","1","1","0","9","3.5",".",".","."
"36041","Hamilton County, NY",".",".",".",".","0.06","0.055","1","1","0",".",".",".",".","."
"36045","Jefferson County, NY",".",".",".",".","0.07","0.059",".",".",".",".",".",".",".","."
"36047","Kings County, NY",".",".",".",".",".",".",".",".",".","15","7.3",".",".","."
"36055","Monroe County, NY","0.8","0.7",".","7","0.08","0.067","2","1","0","17","6.6",".",".","."
"36059","Nassau County, NY",".",".",".",".",".",".","11","2","0",".",".",".",".","."
"36061","New York County, NY","1.6","1.2",".",".","0.08","0.065",".",".",".","19","7.2",".",".","."
"36063","Niagara County, NY",".",".",".",".","0.08","0.068",".",".",".",".",".",".",".","."
"36067","Onondaga County, NY",".",".",".",".","0.06","0.056",".",".",".","13","6.1",".",".","."
"36071","Orange County, NY",".",".",".",".",".",".",".",".",".","15","5.8",".",".","."
"36075","Oswego County, NY",".",".",".",".","0.06","0.055",".",".",".",".",".",".",".","."
"36079","Putnam County, NY",".",".",".",".","0.09","0.064",".",".",".",".",".",".",".","."
"36081","Queens County, NY","2","1.7","53","16","0.09","0.07","5","2","0","21","8.9","23","11","."
"36085","Richmond County, NY",".",".",".",".","0.08","0.063",".",".",".","14","6.9",".",".","."
"36087","Rockland County, NY",".",".",".",".","0.08","0.062",".",".",".",".",".",".",".","."
"36089","St. Lawrence County, NY",".",".",".",".",".",".","77","41","3",".",".",".",".","."
"36091","Saratoga County, NY",".",".",".",".","0.07","0.06",".",".",".",".",".",".",".","."
"36101","Steuben County, NY","0.2","0.2",".",".","0.06","0.055","2","1","0","12","5.9",".",".","."
"36103","Suffolk County, NY","0.6","0.4","27","4","0.1","0.074",".",".",".","12","6",".",".","."
"36109","Tompkins County, NY",".",".",".",".","0.06","0.059",".",".",".",".",".",".",".","."
"36117","Wayne County, NY",".",".",".",".","0.07","0.059",".",".",".",".",".",".",".","."
"36119","Westchester County, NY",".",".",".",".","0.09","0.066",".",".",".",".",".",".",".","."
"37003","Alexander County, NC",".",".",".",".","0.07","0.06",".",".",".",".",".",".",".","."
"37011","Avery County, NC",".",".",".",".","0.06","0.057",".",".",".",".",".",".",".","."
"37013","Beaufort County, NC",".",".",".",".",".",".","10","1","0",".",".",".",".","."
"37021","Buncombe County, NC",".",".",".",".","0.07","0.06",".",".",".","12","6.5",".",".","."
"37027","Caldwell County, NC",".",".",".",".","0.07","0.059","2","1","0",".",".",".",".","."
"37031","Carteret County, NC",".",".",".",".","0.07","0.058",".",".",".",".",".",".",".","."
"37033","Caswell County, NC",".",".",".",".","0.07","0.058",".",".",".",".",".",".",".","."
"37035","Catawba County, NC",".",".",".",".",".",".",".",".",".","17","7.9",".",".","."
"37051","Cumberland County, NC",".",".",".",".","0.07","0.068",".",".",".","15","7.7","40","15","."
"37057","Davidson County, NC",".",".",".",".",".",".",".",".",".","19","8.9",".",".","."
"37063","Durham County, NC",".",".",".",".","0.07","0.062","3","2","0","13","6.7","28","14","."
"37065","Edgecombe County, NC",".",".",".",".","0.07","0.061",".",".",".",".",".",".",".","."
"37067","Forsyth County, NC",".",".","35","6","0.07","0.062","4","1","1","17","8.2","28","14","."
"37075","Graham County, NC",".",".",".",".","0.07","0.065",".",".",".",".",".",".",".","."
"37077","Granville County, NC",".",".",".",".","0.07","0.062",".",".",".",".",".",".",".","."
"37081","Guilford County, NC",".",".",".",".","0.07","0.063",".",".",".","16","8.3","24","12","."
"37087","Haywood County, NC",".",".",".",".","0.08","0.064","35","16","1",".",".",".",".","."
"37101","Johnston County, NC",".",".",".",".","0.08","0.063",".",".",".","13","7",".",".","."
"37107","Lenoir County, NC",".",".",".",".","0.07","0.064",".",".",".",".",".",".",".","."
"37109","Lincoln County, NC",".",".",".",".","0.08","0.064",".",".",".",".",".",".",".","."
"37113","Macon County, NC",".",".",".",".","0.07","0.058",".",".",".",".",".",".",".","."
"37117","Martin County, NC",".",".",".",".","0.06","0.056","3","2","0",".",".",".",".","."
"37119","Mecklenburg County, NC","1.7","1.3","37","10","0.08","0.068","2","1","0","18","8.4","35","14","."
"37121","Mitchell County, NC",".",".",".",".",".",".",".",".",".","14","5.8",".",".","."
"37123","Montgomery County, NC",".",".",".",".","0.07","0.062",".",".",".","16","7.2",".",".","."
"37129","New Hanover County, NC",".",".",".",".","0.07","0.058",".",".",".","14","7.5","40","15","."
"37131","Northampton County, NC",".",".","15","2",".",".",".",".",".","16","6.6",".",".","."
"37145","Person County, NC",".",".",".",".","0.07","0.058",".",".",".",".",".",".",".","."
"37147","Pitt County, NC",".",".",".",".","0.07","0.06",".",".",".","12","6",".",".","."
"37157","Rockingham County, NC",".",".",".",".","0.07","0.06",".",".",".",".",".",".",".","."
"37159","Rowan County, NC",".",".","24","5","0.07","0.064",".",".",".","17","7.7",".",".","."
"37173","Swain County, NC",".",".",".",".","0.07","0.061",".",".",".","14","6.7",".",".","."
"37179","Union County, NC",".",".",".",".","0.08","0.067",".",".",".",".",".",".",".","."
"37183","Wake County, NC","1.4","1.2","35","8","0.08","0.064","2","1","0","16","7.5",".",".","."
"37199","Yancey County, NC",".",".",".",".","0.07","0.061",".",".",".",".",".",".",".","."
"38007","Billings County, ND",".",".",".",".","0.06","0.053","5","4","2","13","5.5",".",".","."
"38013","Burke County, ND",".",".","11","2","0.08","0.053","18","6","1","18","6.4","64","12","."
"38015","Burleigh County, ND","0.7","0.4","32","4","0.05","0.046","7","2","0","21","8.2","83","21","."
"38017","Cass County, ND",".",".","32","4","0.06","0.055","4","2","1","22","7.6",".",".","."
"38025","Dunn County, ND",".",".","13","2","0.06","0.053","5","2","1","16","5.7","55","13","."
"38053","McKenzie County, ND",".",".",".","1","0.06","0.054",".",".",".",".",".",".",".","."
"38057","Mercer County, ND",".",".",".","3","0.07","0.054","21","5","1","14","5.6",".",".","."
"38065","Oliver County, ND",".",".","10","2","0.07","0.056","10","3","1","20","7.5",".",".","."
"38101","Ward County, ND",".",".","10","2","0.07","0.053","7","5","1","14","5.8",".",".","."
"38105","Williams County, ND",".",".",".",".",".",".","7","3","1",".",".",".",".","."
"39003","Allen County, OH",".",".",".",".","0.07","0.067","4","2","0","17","7.1",".",".","."
"39007","Ashtabula County, OH",".",".",".",".","0.08","0.073",".",".",".",".",".",".",".","."
"39009","Athens County, OH",".",".",".",".",".",".",".",".",".","13","5.5",".",".","."
"39013","Belmont County, OH",".",".","31","6",".",".","4","3","0","15","6.7","49","15","."
"39017","Butler County, OH",".",".",".",".","0.08","0.07","18","6","1","22","10.7","119","29","."
"39023","Clark County, OH",".",".",".",".","0.08","0.068",".",".",".","15","7.1",".",".","."
"39025","Clermont County, OH",".",".",".",".","0.07","0.063",".",".",".",".",".",".",".","."
"39027","Clinton County, OH",".",".",".",".","0.07","0.064",".",".",".",".",".",".",".","."
"39029","Columbiana County, OH",".",".",".",".",".",".",".",".",".",".",".","33","13","0.01"
"39035","Cuyahoga County, OH","4.9","2.5","49","10","0.09","0.073","28","8","1","27","11","77","28","0.01"
"39041","Delaware County, OH",".",".",".",".","0.07","0.06",".",".",".",".",".",".",".","."
"39049","Franklin County, OH","1.5","1","42","10","0.08","0.069","3","1","0","20","9","54","14","."
"39051","Fulton County, OH",".",".",".",".",".",".",".",".",".",".",".",".",".","0.03"
"39053","Gallia County, OH",".",".",".",".",".",".","40","7","1",".",".",".",".","."
"39055","Geauga County, OH",".",".",".",".","0.08","0.064",".",".",".",".",".",".",".","."
"39057","Greene County, OH",".",".",".",".","0.08","0.065",".",".",".",".",".",".",".","."
"39059","Guernsey County, OH",".",".",".",".",".",".","33","7","1",".",".",".",".","."
"39061","Hamilton County, OH","1.5","1.3","55","18","0.08","0.069","24","5","1","21","10","58","18","."
"39063","Hancock County, OH",".",".",".",".",".",".","13","3","0",".",".",".",".","."
"39081","Jefferson County, OH",".",".",".",".","0.07","0.061","36","11","1","24","10.8","54","21","."
"39083","Knox County, OH",".",".",".",".","0.07","0.064",".",".",".",".",".",".",".","."
"39085","Lake County, OH",".",".",".",".","0.09","0.076","4","2","1","15","6.2","68","19","."
"39087","Lawrence County, OH",".",".",".",".","0.07","0.06","4","2","0","18","8.4","38","16","."
"39089","Licking County, OH",".",".",".",".","0.08","0.063",".",".",".",".",".",".",".","."
"39093","Lorain County, OH",".",".",".",".","0.07","0.063",".",".",".",".",".",".",".","."
"39095","Lucas County, OH",".",".",".",".","0.08","0.07","17","4","0","24","8.7",".",".","."
"39097","Madison County, OH",".",".",".",".","0.07","0.063",".",".",".",".",".",".",".","."
"39099","Mahoning County, OH",".",".",".",".","0.08","0.067","6","3","1","19","7.9",".",".","."
"39101","Marion County, OH",".",".",".",".",".",".",".",".",".",".",".",".",".","0.01"
"39103","Medina County, OH",".",".",".",".","0.08","0.067",".",".",".","17","6.6",".",".","."
"39109","Miami County, OH",".",".",".",".","0.08","0.066",".",".",".",".",".",".",".","."
"39113","Montgomery County, OH",".",".",".",".","0.08","0.066",".",".",".","20","9.2","66","18","."
"39115","Morgan County, OH",".",".",".",".",".",".","13","4","1",".",".",".",".","."
"39121","Noble County, OH",".",".",".",".","0.07","0.063",".",".",".",".",".",".",".","."
"39133","Portage County, OH",".",".",".",".","0.09","0.071",".",".",".","17","6.4",".",".","."
"39135","Preble County, OH","0.4","0.3",".",".","0.08","0.069","7","2","0","19","8.5","54","16","."
"39145","Scioto County, OH",".",".",".",".",".",".","21","6","1","17","7.1","43","14","."
"39151","Stark County, OH",".",".",".",".","0.08","0.066",".",".",".","23","9.3",".",".","0.12"
"39153","Summit County, OH",".",".",".",".","0.09","0.069","6","2","0","19","8",".",".","."
"39155","Trumbull County, OH",".",".",".",".","0.08","0.068",".",".",".","20","7.9","39","15","."
"39165","Warren County, OH",".",".",".",".","0.09","0.069",".",".",".",".",".",".",".","."
"39167","Washington County, OH",".",".",".",".","0.07","0.06","24","8","1",".",".",".",".","0"
"39173","Wood County, OH",".",".",".",".","0.07","0.066",".",".",".",".",".",".",".","."
"40001","Adair County, OK","0.7","0.6",".",".","0.08","0.069",".",".",".",".",".",".",".","."
"40017","Canadian County, OK",".",".",".",".","0.08","0.069",".",".",".",".",".",".",".","."
"40019","Carter County, OK",".",".",".",".",".",".",".",".",".","23","7.7",".",".","."
"40027","Cleveland County, OK",".",".",".",".","0.08","0.07",".",".",".",".",".",".",".","."
"40031","Comanche County, OK",".",".",".",".","0.08","0.068",".",".",".","18","8.1",".",".","."
"40037","Creek County, OK",".",".",".",".","0.08","0.07",".",".",".",".",".",".",".","."
"40043","Dewey County, OK",".",".",".",".","0.08","0.069",".",".",".",".",".",".",".","."
"40047","Garfield County, OK",".",".",".",".",".",".","38","7","0",".",".",".",".","."
"40071","Kay County, OK",".",".",".",".",".",".","10","2","0","21","8.6",".",".","."
"40075","Kiowa County, OK",".",".",".",".","0.08","0.069",".",".",".",".",".",".",".","."
"40085","Love County, OK",".",".",".",".","0.09","0.075",".",".",".",".",".",".",".","."
"40087","McClain County, OK",".",".",".",".","0.08","0.07",".",".",".",".",".",".",".","."
"40097","Mayes County, OK",".",".",".",".","0.08","0.066",".",".",".",".",".",".",".","."
"40105","Nowata County, OK",".",".",".",".","0.09","0.072",".",".",".","30","12",".",".","."
"40109","Oklahoma County, OK","1.9","1.3","44","13","0.09","0.073","1","0","0","22","9.5","110","25","."
"40113","Osage County, OK",".",".",".",".","0.09","0.075",".",".",".",".",".",".",".","."
"40115","Ottawa County, OK",".",".",".",".","0.12","0.07",".",".",".",".",".",".",".","0.02"
"40121","Pittsburg County, OK",".",".",".",".","0.08","0.064",".",".",".","25","9.1",".",".","0.01"
"40135","Sequoyah County, OK",".",".",".","5","0.08","0.06",".",".",".","22","7.5",".",".","."
"40143","Tulsa County, OK","1.2","0.8","39","7","0.12","0.073","6","3","0","21","9.8","106","27","."
"41005","Clackamas County, OR",".",".",".",".","0.08","0.067",".",".",".",".",".",".",".","."
"41009","Columbia County, OR",".",".",".",".","0.08","0.054",".",".",".",".",".",".",".","."
"41013","Crook County, OR",".",".",".",".",".",".",".",".",".","20","6.7",".",".","."
"41025","Harney County, OR",".",".",".",".",".",".",".",".",".","29","9.2",".",".","."
"41029","Jackson County, OR",".",".",".",".","0.09","0.066",".",".",".",".",".",".",".","."
"41033","Josephine County, OR",".",".",".",".",".",".",".",".",".","24","9.4",".",".","."
"41035","Klamath County, OR",".",".",".",".",".",".",".",".",".","43","10.4",".",".","."
"41037","Lake County, OR",".",".",".",".",".",".",".",".",".","35","8.5","49","16","."
"41039","Lane County, OR",".",".",".",".","0.07","0.059",".",".",".","247","23.3","350","26","."
"41047","Marion County, OR",".",".",".",".","0.08","0.069",".",".",".",".",".",".",".","."
"41051","Multnomah County, OR","1.9","1.5","30","7","0.09","0.056","3","2","1","27","8","39","13","."
"41059","Umatilla County, OR",".",".",".",".","0.07","0.064",".",".",".",".",".",".",".","."
"41061","Union County, OR",".",".",".",".",".",".",".",".",".",".",".","44","14","."
"41067","Washington County, OR","1.5","0.9","31","10","0.09","0.061",".",".",".","29","8.6",".",".","."
"42001","Adams County, PA","0.3","0.3","15","3","0.07","0.061",".",".",".","20","8.4",".",".","."
"42003","Allegheny County, PA","6.4","2.9","29","8","0.08","0.066","69","26","3","37","12.6","55","20","."
"42005","Armstrong County, PA",".",".",".",".","0.08","0.063",".",".",".","22","9.4",".",".","."
"42007","Beaver County, PA",".",".","40","9","0.08","0.064","6","2","0",".",".",".",".","0"
"42011","Berks County, PA",".",".",".",".","0.08","0.062","3","2","0","21","8.2",".",".","0.02"
"42013","Blair County, PA",".",".",".",".","0.07","0.062","6","2","1",".",".",".",".","."
"42015","Bradford County, PA",".",".",".",".","0.07","0.059",".",".",".",".",".",".",".","."
"42017","Bucks County, PA",".",".",".",".","0.08","0.07",".",".",".",".",".",".",".","."
"42021","Cambria County, PA","1.5","1.1","34","6","0.07","0.063","12","4","1","23","10.2",".",".","."
"42025","Carbon County, PA",".",".",".",".",".",".",".",".",".",".",".",".",".","0.02"
"42027","Centre County, PA",".",".","29","4","0.07","0.06","3","2","0","17","7.9",".",".","."
"42029","Chester County, PA",".",".",".",".","0.07","0.058",".",".",".",".",".",".",".","."
"42033","Clearfield County, PA",".",".",".",".","0.06","0.055",".",".",".",".",".",".",".","."
"42041","Cumberland County, PA",".",".",".",".",".",".",".",".",".","23","9.1",".",".","."
"42043","Dauphin County, PA",".",".",".",".","0.07","0.063",".",".",".","25","9.8","36","13","."
"42045","Delaware County, PA",".",".","40","10",".",".",".",".",".",".",".",".",".","0.01"
"42047","Elk County, PA",".",".",".",".","0.07","0.06",".",".",".",".",".",".",".","."
"42049","Erie County, PA","1.5","0.9","34","5","0.07","0.059",".",".",".","17","7.1","32","13","."
"42051","Fayette County, PA",".",".",".",".","0.07","0.06",".",".",".",".",".",".",".","."
"42055","Franklin County, PA",".",".",".",".","0.07","0.059",".",".",".",".",".",".",".","."
"42059","Greene County, PA",".",".",".",".","0.07","0.063",".",".",".",".",".",".",".","."
"42063","Indiana County, PA",".",".",".",".","0.06","0.059","16","4","0","15","7.6",".",".","."
"42069","Lackawanna County, PA","1.1","0.9","44","10","0.06","0.06","2","1","0","16","7.6","37","13","."
"42071","Lancaster County, PA",".",".",".",".","0.07","0.061",".",".",".","35","14.8","29","13","0.03"
"42073","Lawrence County, PA",".",".",".",".","0.08","0.063",".",".",".",".",".",".",".","0.02"
"42075","Lebanon County, PA",".",".",".",".","0.07","0.058",".",".",".","22","9",".",".","."
"42077","Lehigh County, PA",".",".",".",".","0.07","0.059",".",".",".",".",".","39","13","."
"42079","Luzerne County, PA",".",".",".",".","0.07","0.058",".",".",".",".",".",".",".","."
"42081","Lycoming County, PA",".",".",".",".","0.07","0.055",".",".",".",".",".",".",".","."
"42085","Mercer County, PA",".",".",".",".","0.08","0.069",".",".",".",".",".",".",".","."
"42089","Monroe County, PA",".",".",".",".","0.07","0.06",".",".",".",".",".",".",".","."
"42091","Montgomery County, PA",".",".",".",".","0.08","0.066",".",".",".","18","7.8",".",".","."
"42095","Northampton County, PA",".",".","37","9","0.07","0.063","5","2","1","24","8.7",".",".","."
"42101","Philadelphia County, PA","1.8","1.5","56","14","0.09","0.068","7","3","1","23","9.5","47","18","."
"42111","Somerset County, PA",".",".",".",".","0.07","0.059",".",".",".",".",".",".",".","."
"42117","Tioga County, PA",".",".",".",".","0.07","0.06",".",".",".",".",".",".",".","."
"42123","Warren County, PA",".",".",".",".",".",".","50","14","2",".",".",".",".","."
"42125","Washington County, PA",".",".","34","8","0.07","0.059","12","3","1","20","9.6",".",".","."
"42129","Westmoreland County, PA",".",".",".",".","0.06","0.05",".",".",".",".",".",".",".","0"
"42133","York County, PA",".",".","39","9","0.07","0.064","7","2","0","21","8.8",".",".","."
"44003","Kent County, RI",".",".",".",".","0.08","0.06",".",".",".","10","3.7",".",".","."
"44007","Providence County, RI","1.8","1.3","39","6","0.08","0.063","2","1","0","17","6.5","21","11","."
"44009","Washington County, RI",".",".",".",".","0.09","0.075",".",".",".","11","3.6",".",".","."
"45003","Aiken County, SC",".",".",".",".","0.07","0.062",".",".",".",".",".",".",".","."
"45007","Anderson County, SC",".",".",".",".","0.07","0.06",".",".",".",".",".",".",".","."
"45015","Berkeley County, SC",".",".",".",".","0.07","0.062",".",".",".",".",".",".",".","."
"45019","Charleston County, SC",".",".","34","6","0.07","0.059","16","5","0",".",".",".",".","."
"45025","Chesterfield County, SC",".",".",".",".","0.07","0.062",".",".",".",".",".",".",".","."
"45031","Darlington County, SC",".",".",".",".","0.07","0.061",".",".",".",".",".",".",".","."
"45037","Edgefield County, SC",".",".",".",".","0.07","0.058","2","1","0",".",".",".",".","."
"45041","Florence County, SC",".",".",".",".",".",".",".",".",".",".",".",".",".","0"
"45045","Greenville County, SC",".",".","40","7","0.07","0.066","2","1","0","20","9.8","36","17","."
"45051","Horry County, SC",".",".",".",".","0.07","0.061",".",".",".",".",".",".",".","."
"45079","Richland County, SC","1","0.6","30","3","0.07","0.064",".",".",".",".",".",".",".","."
"45083","Spartanburg County, SC",".",".",".",".","0.07","0.063",".",".",".",".",".",".",".","."
"45091","York County, SC",".",".",".",".","0.08","0.062","2","1","0","15","7.1",".",".","."
"46011","Brookings County, SD",".",".",".",".","0.07","0.062",".",".",".","13","3.7","124","22","."
"46013","Brown County, SD",".",".",".",".",".",".",".",".",".","15","4.2","106","21","."
"46027","Clay County, SD",".",".",".",".","0.07","0.062",".",".",".","14","6",".",".","."
"46029","Codington County, SD",".",".",".",".","0.07","0.066",".",".",".","16","6.9","114","24","."
"46033","Custer County, SD",".",".",".",".","0.07","0.063",".",".",".","16","4.3","40","6","."
"46065","Hughes County, SD",".",".",".",".",".",".",".",".",".","10","1.9",".",".","."
"46071","Jackson County, SD",".",".","3","0","0.07","0.065","1","1","0","15","3.3","47","12","."
"46093","Meade County, SD",".",".",".",".","0.06","0.059",".",".",".",".",".","57","11","."
"46099","Minnehaha County, SD","0.9","0.8","27","4","0.08","0.065","2","1","1","13","6.2","115","20","."
"46103","Pennington County, SD",".",".","32","5",".",".","1","0","0","21","7","133","41","."
"47001","Anderson County, TN",".",".",".",".","0.07","0.059",".",".",".",".",".",".",".","."
"47009","Blount County, TN","0.4","0.2",".","1","0.07","0.068",".",".",".","15","7",".",".","."
"47025","Claiborne County, TN",".",".",".",".","0.06","0.057",".",".",".",".",".",".",".","."
"47037","Davidson County, TN","2.3","1.8","53","13","0.09","0.067","3","3","1","20","9.1","80","20","."
"47041","DeKalb County, TN",".",".",".",".","0.07","0.061",".",".",".",".",".",".",".","."
"47045","Dyer County, TN",".",".",".",".",".",".",".",".",".","19","7.5",".",".","."
"47065","Hamilton County, TN",".",".",".",".","0.08","0.069",".",".",".","15","7.4",".",".","."
"47089","Jefferson County, TN",".",".",".",".","0.07","0.061",".",".",".",".",".",".",".","."
"47093","Knox County, TN",".",".",".",".","0.07","0.06",".",".",".","17","8.7","37","16","0.04"
"47099","Lawrence County, TN",".",".",".",".",".",".",".",".",".","14","5.4",".",".","."
"47105","Loudon County, TN",".",".",".",".","0.07","0.058",".",".",".","13","6.3",".",".","."
"47107","McMinn County, TN",".",".",".",".",".",".",".",".",".","16","7.7",".",".","."
"47113","Madison County, TN",".",".",".",".",".",".",".",".",".","18","8",".",".","."
"47119","Maury County, TN",".",".",".",".",".",".",".",".",".","15","6.5",".",".","."
"47125","Montgomery County, TN",".",".",".",".",".",".",".",".",".","16","6.9",".",".","."
"47141","Putnam County, TN",".",".",".",".",".",".",".",".",".","16","6.3",".",".","."
"47145","Roane County, TN",".",".",".",".",".",".",".",".",".","17","7.1",".",".","."
"47155","Sevier County, TN",".",".",".",".","0.07","0.064",".",".",".",".",".",".",".","."
"47157","Shelby County, TN","2.2","1.1","37","9","0.09","0.074","3","1","0","19","8.8","104","21","."
"47163","Sullivan County, TN",".",".",".",".","0.07","0.063","55","21","2","12","6",".",".","0.04"
"47165","Sumner County, TN",".",".",".",".","0.08","0.063",".",".",".","19","7.4",".",".","."
"47187","Williamson County, TN",".",".",".",".","0.08","0.067",".",".",".",".",".",".",".","."
"47189","Wilson County, TN",".",".",".",".","0.08","0.064",".",".",".",".",".",".",".","."
"48013","Atascosa County, TX",".",".",".",".",".",".",".",".",".","27","9.2",".",".","."
"48027","Bell County, TX",".",".",".",".","0.08","0.069",".",".",".","23","7",".",".","."
"48029","Bexar County, TX","1.5","0.9","37","6","0.09","0.076","5","2","0","24","8.5","57","25","."
"48037","Bowie County, TX",".",".",".",".",".",".",".",".",".","24","10.3",".",".","."
"48039","Brazoria County, TX",".",".","17","2","0.09","0.072",".",".",".",".",".",".",".","."
"48041","Brazos County, TX",".",".",".",".",".",".",".",".",".","22","7.8",".",".","."
"48043","Brewster County, TX",".",".",".",".","0.07","0.064",".",".",".","15","6",".",".","."
"48061","Cameron County, TX",".",".",".",".","0.06","0.057",".",".",".","31","10.2",".",".","."
"48085","Collin County, TX",".",".",".",".","0.09","0.073",".",".",".",".",".",".",".","0.01"
"48113","Dallas County, TX","1.6","1.3","46","9","0.1","0.077","4","3","1","15","8.2","68","28","."
"48121","Denton County, TX",".",".","36","7","0.09","0.078",".",".",".","23","7.4",".",".","."
"48135","Ector County, TX",".",".",".",".",".",".",".",".",".","20","7.5",".",".","."
"48139","Ellis County, TX",".",".",".",".","0.08","0.066",".",".",".",".",".",".",".","."
"48141","El Paso County, TX","2.7","1.5","53","13","0.09","0.079","5","1","0","20","9.3","88","49","."
"48161","Freestone County, TX",".",".",".",".",".",".","12","3","0",".",".",".",".","."
"48167","Galveston County, TX",".",".",".","2","0.1","0.073",".",".",".","24","8.1","69","20","."
"48183","Gregg County, TX",".",".","17","3","0.09","0.064","18","3","0",".",".",".",".","."
"48201","Harris County, TX","2","1.5","59","18","0.12","0.084","14","3","0","27","11.8","72","38","."
"48203","Harrison County, TX",".",".",".","2","0.08","0.065","20","5","1",".",".",".",".","."
"48215","Hidalgo County, TX",".",".",".",".","0.07","0.063",".",".",".",".",".",".",".","."
"48221","Hood County, TX",".",".",".",".","0.09","0.081",".",".",".",".",".",".",".","."
"48227","Howard County, TX",".",".",".",".",".",".","146","111","8",".",".",".",".","."
"48231","Hunt County, TX",".",".","27","4","0.07","0.065",".",".",".",".",".",".",".","."
"48233","Hutchinson County, TX",".",".",".",".",".",".","107","26","3",".",".",".",".","."
"48245","Jefferson County, TX",".",".","34","6","0.08","0.065","56","10","1","21","8.5",".",".","."
"48251","Johnson County, TX",".",".",".",".","0.1","0.082",".",".",".",".",".",".",".","."
"48255","Karnes County, TX",".",".","28","3",".",".",".",".",".",".",".",".",".","."
"48257","Kaufman County, TX",".",".","30","4","0.08","0.069","16","3","1",".",".",".",".","."
"48273","Kleberg County, TX",".",".",".",".",".",".",".",".",".","30","10.1",".",".","."
"48303","Lubbock County, TX",".",".",".",".",".",".",".",".",".","22","5.6",".",".","."
"48309","McLennan County, TX","0.7","0.5",".",".","0.07","0.062","7","2","0",".",".",".",".","."
"48323","Maverick County, TX",".",".",".",".",".",".",".",".",".","23","7.6",".",".","."
"48339","Montgomery County, TX",".",".","26","3","0.1","0.073",".",".",".","21","9.7",".",".","."
"48349","Navarro County, TX",".",".",".","3","0.07","0.066","119","24","2",".",".",".",".","."
"48355","Nueces County, TX",".",".",".",".","0.07","0.062","4","1","0","25","9",".",".","."
"48361","Orange County, TX",".",".","25","4","0.08","0.062",".",".","1","18","8.1",".",".","."
"48367","Parker County, TX",".",".",".",".","0.09","0.075",".",".",".",".",".",".",".","."
"48373","Polk County, TX",".",".",".",".","0.07","0.06",".",".",".",".",".",".",".","."
"48375","Potter County, TX",".",".",".",".",".",".","158","30","3","16","6.2",".",".","."
"48381","Randall County, TX",".",".",".",".","0.08","0.071",".",".",".",".",".",".",".","."
"48395","Robertson County, TX",".",".",".",".",".",".","12","3","0",".",".",".",".","."
"48397","Rockwall County, TX",".",".",".",".","0.08","0.062",".",".",".",".",".",".",".","."
"48401","Rusk County, TX",".",".",".",".",".",".","77","19","1",".",".",".",".","."
"48423","Smith County, TX",".",".","14","2","0.08","0.071",".",".",".",".",".",".",".","."
"48439","Tarrant County, TX","1.9","1.2","52","14","0.1","0.08",".",".",".","27","10.1",".",".","."
"48449","Titus County, TX",".",".",".",".",".",".","17","3","0",".",".",".",".","."
"48453","Travis County, TX","2.1","1.2",".","13","0.09","0.073",".",".",".","23","9.5","38","18","."
"48469","Victoria County, TX",".",".",".",".","0.07","0.06",".",".",".",".",".",".",".","."
"48479","Webb County, TX","1.4","0.7",".",".",".",".",".",".",".","29","9.7","111","35","."
"48493","Wilson County, TX",".",".",".","4",".",".",".",".",".",".",".",".",".","."
"49005","Cache County, UT",".",".","33","5","0.07","0.063",".",".",".","62","8.6",".",".","."
"49007","Carbon County, UT",".",".","16","3","0.06","0.06",".",".",".",".",".",".",".","."
"49011","Davis County, UT",".",".","50","12","0.09","0.075",".",".",".","27","7.2","53","21","."
"49013","Duchesne County, UT",".",".","40","6","0.07","0.066",".",".",".","21","6.2","103","20","."
"49021","Iron County, UT",".",".","38","6","0.07","0.061",".",".",".","12","5.7",".",".","."
"49035","Salt Lake County, UT","1.8","1.3","53","18","0.09","0.076","5","3","1","40","9.9","157","28","."
"49037","San Juan County, UT",".",".",".",".","0.07","0.063",".",".",".",".",".",".",".","."
"49045","Tooele County, UT",".",".","22","3","0.09","0.07",".",".",".","28","6.8",".",".","."
"49047","Uintah County, UT",".",".","30","4","0.07","0.064",".",".",".","17","5.1",".",".","."
"49049","Utah County, UT","1.1","0.8","41","9","0.08","0.074",".",".",".","25","7.2","97","25","."
"49053","Washington County, UT",".",".","30","6","0.07","0.064",".",".",".","13","5.1",".",".","."
"49057","Weber County, UT","1.2","0.8","41","10","0.08","0.071",".",".",".","27","6.7","126","20","."
"50003","Bennington County, VT",".",".",".",".","0.06","0.057",".",".",".","12","5.5",".",".","."
"50007","Chittenden County, VT","0.1","0.1",".",".","0.06","0.057",".",".",".","14","6.8","14","6","."
"50021","Rutland County, VT","1.9","0.8","33","6","0.06","0.054","2","1","0","18","7.2","24","12","."
"51003","Albemarle County, VA",".",".",".",".","0.06","0.056",".",".",".","10","5.8",".",".","."
"51013","Arlington County, VA","1.4","1.2","41","9","0.08","0.061",".",".",".","14","6.7",".",".","."
"51033","Caroline County, VA",".",".",".",".","0.07","0.056",".",".",".",".",".",".",".","."
"51035","Carroll County, VA",".",".",".",".",".",".",".",".",".",".",".","22","9","."
"51036","Charles County, VA",".",".","26","4","0.08","0.06","4","1","0","13","5.8",".",".","."
"51041","Chesterfield County, VA",".",".",".",".","0.07","0.058",".",".",".","12","5.8",".",".","."
"51059","Fairfax County, VA","1.7","1","46","15","0.08","0.062","3","1","0","16","8.1","23","13","."
"51061","Fauquier County, VA",".",".",".",".","0.06","0.056",".",".",".",".",".",".",".","."
"51069","Frederick County, VA",".",".",".",".","0.07","0.055",".",".",".","15","6.7",".",".","."
"51071","Giles County, VA",".",".",".",".","0.07","0.062","62","16","3",".",".",".",".","."
"51085","Hanover County, VA",".",".",".",".","0.08","0.061",".",".",".",".",".",".",".","."
"51087","Henrico County, VA","1.1","0.9","35","7","0.08","0.061","3","1","0","16","8","27","14","."
"51107","Loudoun County, VA",".",".","34","5","0.08","0.061",".",".",".","13","6.4",".",".","."
"51113","Madison County, VA",".",".",".",".","0.06","0.061",".",".",".",".",".",".",".","."
"51121","Montgomery County, VA",".",".",".",".",".",".",".",".",".",".",".",".",".","0"
"51143","Pittsylvania County, VA",".",".","13","2",".",".",".",".",".",".",".",".",".","."
"51147","Prince Edward County, VA",".",".",".",".","0.07","0.055",".",".",".",".",".",".",".","."
"51153","Prince William County, VA",".",".","22","3","0.07","0.058",".",".",".",".",".",".",".","."
"51161","Roanoke County, VA","0.8","0.6","33","5","0.07","0.058",".",".",".","16","7.4",".",".","."
"51163","Rockbridge County, VA",".",".",".",".","0.06","0.054",".",".",".",".",".",".",".","."
"51165","Rockingham County, VA",".",".","36","8","0.07","0.056","2","1","0","13","6.5",".",".","."
"51179","Stafford County, VA",".",".",".",".","0.07","0.058",".",".",".",".",".","13","7","."
"51197","Wythe County, VA",".",".",".",".","0.07","0.059",".",".",".",".",".",".",".","."
"51520","Bristol City, VA",".",".",".",".",".",".",".",".",".","13","6.2",".",".","."
"51650","Hampton City, VA","0.9","0.7","20","3","0.07","0.06","3","2","1","13","7","26","13","."
"51670","Hopewell City, VA",".",".",".",".",".",".",".",".",".",".",".",".",".","."
"51680","Lynchburg City, VA",".",".",".",".",".",".",".",".",".","12","5.7",".",".","."
"51710","Norfolk City, VA","1.4","0.9","41","7",".",".","2","2","0","13","6.3","20","11","."
"51760","Richmond City, VA","1.2","0.9","49","14",".",".",".",".",".","16","8.1",".",".","."
"51775","Salem City, VA",".",".",".",".",".",".",".",".",".","13","6.4",".",".","."
"51800","Suffolk City, VA",".",".",".",".","0.07","0.057",".",".",".",".",".",".",".","."
"51810","Virginia Beach City, VA",".",".",".",".",".",".",".",".",".","14","6.5",".",".","."
"53005","Benton County, WA",".",".",".",".","0.07","0.064",".",".",".",".",".","125","18","."
"53007","Chelan County, WA",".",".",".",".",".",".","1","0","0",".",".",".",".","."
"53009","Clallam County, WA","0.8","0.5",".",".","0.05","0.05","1","0","0",".",".",".",".","."
"53011","Clark County, WA",".",".",".",".","0.07","0.056",".",".",".","29","7.7",".",".","."
"53013","Columbia County, WA",".",".",".",".","0.06","0.056",".",".",".",".",".",".",".","."
"53033","King County, WA","1.5","1.3","54","16","0.1","0.075","3","2",".","34","9.3",".",".","."
"53035","Kitsap County, WA",".",".",".",".",".",".",".",".",".","20","6.4",".",".","."
"53037","Kittitas County, WA",".",".",".",".",".",".",".",".",".","25","7.1",".",".","."
"53047","Okanogan County, WA",".",".",".",".",".",".",".",".",".","31","10.3",".",".","."
"53053","Pierce County, WA",".",".","39","14","0.07","0.06",".",".",".","38","8.7",".",".","."
"53057","Skagit County, WA",".",".",".",".","0.07","0.057",".",".",".","14","5.6",".",".","."
"53061","Snohomish County, WA",".",".",".",".",".",".",".",".",".","69","12.2",".",".","."
"53063","Spokane County, WA",".",".",".",".","0.07","0.061",".",".",".","30","7.7","99","16","."
"53065","Stevens County, WA",".",".",".",".",".",".",".",".",".","31","8.9","97","24","."
"53067","Thurston County, WA",".",".",".",".","0.07","0.055",".",".",".",".",".",".",".","."
"53071","Walla Walla County, WA",".",".",".",".",".",".",".",".",".",".",".","99","20","."
"53073","Whatcom County, WA",".",".",".",".","0.07","0.048","3","1","0",".",".",".",".","."
"53077","Yakima County, WA",".",".",".",".",".",".",".",".",".","29","9.6","80","19","."
"54003","Berkeley County, WV",".",".",".",".","0.07","0.054",".",".",".","20","8.2",".",".","."
"54009","Brooke County, WV",".",".",".",".",".",".","30","10","2","19","7.6","54","16","."
"54011","Cabell County, WV",".",".",".",".","0.07","0.062",".",".",".","14","7.2",".",".","."
"54025","Greenbrier County, WV",".",".",".",".","0.06","0.055",".",".",".",".",".",".",".","."
"54029","Hancock County, WV",".",".",".",".","0.08","0.062","17","5","1","17","7.4","52","15","."
"54033","Harrison County, WV",".",".",".",".",".",".",".",".",".","13","6.7",".",".","."
"54039","Kanawha County, WV","0.7","0.5",".",".","0.07",".","5","2","1","15","7.3",".",".","."
"54049","Marion County, WV",".",".",".",".",".",".",".",".",".","15","7.1",".",".","."
"54051","Marshall County, WV",".",".",".",".",".",".","8","5","2","26","10.9",".",".","."
"54053","Mason County, WV",".",".",".",".",".",".","32","5","0",".",".",".",".","."
"54061","Monongalia County, WV",".",".",".",".","0.06","0.057","11","4","1","14","7",".",".","."
"54069","Ohio County, WV",".",".",".",".","0.06","0.056",".",".",".","16","7.4",".",".","."
"54093","Tucker County, WV",".",".",".",".","0.07","0.061",".",".",".",".",".",".",".","."
"54107","Wood County, WV",".",".",".",".","0.07","0.062","19","6","2","15","7.4",".",".","."
"55003","Ashland County, WI",".",".",".",".","0.06","0.056",".",".",".","14","4.9",".",".","."
"55009","Brown County, WI",".",".",".",".","0.08","0.065","6","3","0","20","7.4",".",".","."
"55021","Columbia County, WI",".",".",".",".","0.07","0.062",".",".",".",".",".",".",".","."
"55025","Dane County, WI",".",".",".",".","0.07","0.062","1","1","0","22","8.3","63","16","."
"55027","Dodge County, WI","0.8","0.4",".",".","0.07","0.065","2","1","0","20","7.5","60","14","."
"55029","Door County, WI",".",".",".",".","0.09","0.075",".",".",".",".",".",".",".","."
"55035","Eau Claire County, WI",".",".",".",".","0.07","0.058",".",".",".","19","7.2","61","15","."
"55039","Fond du Lac County, WI",".",".",".",".","0.08","0.064",".",".",".",".",".",".",".","."
"55041","Forest County, WI",".",".",".",".","0.06","0.059","1","1","1","15","5.3",".",".","."
"55043","Grant County, WI",".",".",".",".",".",".",".",".",".","21","8.2",".",".","."
"55053","Jackson County, WI",".",".",".",".",".",".",".",".",".","17","6.2",".",".","."
"55055","Jefferson County, WI",".",".",".",".","0.07","0.063",".",".",".",".",".",".",".","."
"55059","Kenosha County, WI","0.4","0.3",".",".","0.1","0.071",".",".",".","21","7.7",".",".","."
"55061","Kewaunee County, WI",".",".",".",".","0.09","0.072",".",".",".",".",".",".",".","."
"55063","La Crosse County, WI",".",".",".",".","0.06","0.056",".",".",".","19","7.4",".",".","."
"55071","Manitowoc County, WI",".",".",".",".","0.1","0.081",".",".",".",".",".",".",".","."
"55073","Marathon County, WI",".",".",".",".","0.06","0.057",".",".",".",".",".",".",".","."
"55079","Milwaukee County, WI","1","0.7","41","12","0.1","0.074","4","2","1","24","9","84","21","."
"55081","Monroe County, WI",".",".",".",".",".",".",".",".",".","17","6.5",".",".","."
"55085","Oneida County, WI",".",".",".",".",".",".","32","6","0",".",".",".",".","."
"55087","Outagamie County, WI",".",".",".",".","0.08","0.063","82","17","2","22","8",".",".","."
"55089","Ozaukee County, WI",".",".",".",".","0.1","0.072",".",".",".",".",".",".",".","."
"55101","Racine County, WI",".",".",".",".","0.1","0.07",".",".",".",".",".",".",".","."
"55105","Rock County, WI",".",".",".",".","0.07","0.065",".",".",".",".",".",".",".","."
"55111","Sauk County, WI",".",".",".",".","0.07","0.06",".",".",".","19","7.3","55","14","."
"55117","Sheboygan County, WI",".",".",".",".","0.1","0.077",".",".",".",".",".",".",".","."
"55119","Taylor County, WI",".",".",".",".","0.06","0.057",".",".",".","17","6",".",".","."
"55125","Vilas County, WI",".",".",".",".","0.06","0.057",".",".",".","14","4.9",".",".","."
"55127","Walworth County, WI",".",".",".",".","0.08","0.07",".",".",".",".",".",".",".","."
"55133","Waukesha County, WI",".",".",".",".","0.09","0.069",".",".",".","24","9","76","18","."
"56001","Albany County, WY",".",".","55","10","0.09","0.067",".","1","0","10","3.9","169","31","."
"56003","Big Horn County, WY",".",".",".",".","0.06","0.057",".",".",".",".",".",".",".","."
"56005","Campbell County, WY",".",".","6","1","0.07","0.061",".",".",".","22","6","260","35","."
"56007","Carbon County, WY",".",".","24","3",".",".","5","1","0",".",".",".",".","."
"56009","Converse County, WY","0.3","0.3","19","1","0.07","0.059",".",".",".",".",".","103","23","."
"56013","Fremont County, WY",".",".","22","3","0.07","0.063","51","15","2","15","5.8","87","12","."
"56019","Johnson County, WY",".",".","6","1","0.07","0.058",".",".",".",".",".","53","9","."
"56021","Laramie County, WY","0.3","0.2","27","3","0.07","0.062","4","3","0","12","5.3","76","12","."
"56023","Lincoln County, WY",".",".","41","5","0.07","0.06","4","1","0","9","3.4","95","13","."
"56025","Natrona County, WY",".",".","33","4","0.07","0.06","8","2","1","9","3.3",".",".","."
"56029","Park County, WY",".",".",".",".",".",".",".",".",".","16","4.5",".",".","."
"56031","Platte County, WY",".",".",".",".",".",".",".",".",".",".",".","727","37","."
"56033","Sheridan County, WY",".",".",".",".","0.07","0.059",".",".",".",".",".","55","15","."
"56035","Sublette County, WY",".",".","19","2","0.07","0.062",".",".",".","9","3.1","35","8","."
"56037","Sweetwater County, WY",".",".","30","3","0.07","0.061","8","2","1","10","4.3","149","20","."
"56039","Teton County, WY","0.5","0.3",".","1","0.07","0.058",".",".",".","12","4.1","48","12","."
"56041","Uinta County, WY",".",".",".",".",".",".",".",".",".",".",".","60","10","."
"56045","Weston County, WY",".",".",".",".","0.06","0.058","4","4","1",".",".",".",".","."
"72021","Bayamon Municipio, PR","2.9","1.2",".",".",".",".","11","5","1","20","6.5",".",".","."
"72025","Caguas Municipio, PR","2.4","1.9",".",".",".",".",".",".",".",".",".",".",".","."
"72097","Mayagnez Municipio, PR",".",".",".",".","0.05","0.038",".",".",".",".",".",".",".","."
"72113","Ponce Municipio, PR","12.1","2.2",".",".",".",".",".",".",".","18","6.7",".",".","."
